"Drug_ID","Interaction_Types"
"DB00006","12;4;47;49;6;66;70;73;75"
"DB00014","15;20;49;58;70"
"DB00027","70;73;77"
"DB00035","49;70"
"DB00080","49;70"
"DB00091","11;13;18;21;34;35;4;42;47;49;57;67;68;70;72;73;75;77;80"
"DB00104","15;20;25;47;49;54;58;70;73;75;9"
"DB00115","70;75"
"DB00120","34;49"
"DB00122","70;73"
"DB00126","18;49;70;73;75"
"DB00130","70"
"DB00134","70"
"DB00136","4;47;70;73;75"
"DB00140","1"
"DB00142","75"
"DB00146","49;51;73;75;82"
"DB00150","33;49;64"
"DB00152","75"
"DB00153","4;47;49;51;73;75;82"
"DB00158","47;70;73;75"
"DB00162","15;49;58;75"
"DB00163","49;53;6;75"
"DB00165","4;70"
"DB00166","67;70;9"
"DB00169","11;4;47;70;73;75;77"
"DB00170","11;47;73;75;81"
"DB00175","4;47;48;49;6;73;75;77"
"DB00176","11;16;27;32;45;47;49;53;55;6;64;66;70;73;75;77;8;9"
"DB00177","10;30;37;4;47;49;57;60;68;70;73;75;82"
"DB00178","10;30;37;4;47;49;57;60;63;68;70;73;75;82;86"
"DB00179","15;27;29;37;49;57;58;6;66;67;68;70;72;73"
"DB00180","22;3;4;47;49;6;67;70;73;74;75;83"
"DB00181","16;32;49;60;8"
"DB00182","11;18;2;23;27;30;31;41;45;47;49;60;61;64;69;70;71;72;73;75;76;77;8;85;9"
"DB00184","11;25;4;47;49;73;75"
"DB00185","4;47;49;73;75"
"DB00186","16;32;49;70;73;75"
"DB00187","14;19;25;30;37;46;47;49;54;60;73;75;9"
"DB00188","11;15;20;30;4;47;49;58;60;70;73;75;77"
"DB00189","16;32;49;8"
"DB00190","70"
"DB00191","23;45;49;61;64;69;70;71;72;73;75;76;77;85"
"DB00193","16;27;32;39;4;47;49;52;54;6;60;64;65;69;70;73;75;77;8"
"DB00195","10;11;14;19;25;30;37;46;47;49;54;60;70;73;75;77;9"
"DB00196","11;13;20;33;47;49;67;70;73;75;77"
"DB00198","77"
"DB00199","11;20;26;33;4;47;49;70;73;75;77;82"
"DB00201","4;47;49;70;73;75;77"
"DB00202","17;21;40;54;70;73;8;82"
"DB00203","10;11;38;4;47;49;60;73;75;77"
"DB00204","20;33;4;72;73;75;82"
"DB00205","33;47;49;70;73;77"
"DB00206","10;16;30;32;35;36;37;49;60;61;70;72;73;75;77;8;82"
"DB00207","11;20;33;4;47;48;49;70;73;75;77"
"DB00208","11;4;47;49;53;6;70;73;75;77"
"DB00209","16;2;39;49;59;70;73;75;77;85"
"DB00210","27;29;37;49;57;6;66;67;68;70;72;73"
"DB00211","49;5;54;70;71;73;75;77;84;85"
"DB00212","10;37;4;47;49;60;70;73;75"
"DB00213","11;18;4;47;67;70;73;75;77"
"DB00214","10;17;20;29;30;37;4;47;49;56;57;60;67;70;73;75;82;83"
"DB00215","11;20;27;33;4;45;47;49;53;55;6;64;66;70;73;75;77;9"
"DB00216","19;4;47;49;64;71;73;75"
"DB00217","10;25;37;60;70"
"DB00218","15;20;33;49;58;70;82"
"DB00219","2;39;49;59;70;73;85"
"DB00220","11;20;4;47;49;70;73;75;77"
"DB00221","14;33;49;5;70;71;83;85"
"DB00222","34;4;43;47;49;50;6;70;73;75;8;9"
"DB00223","22;3;49;6;67;70;73;74;75;78;83"
"DB00224","11;4;47;49;70;73;75;77"
"DB00226","10;37;60;70"
"DB00227","11;4;47;48;49;6;73;75;77;80"
"DB00228","16;21;32;47;49;71;75;8;82"
"DB00229","6;70;73"
"DB00230","16;21;32;4;47;49;50;60;70;73;75;8"
"DB00231","16;32;4;47;49;70;73;75;8"
"DB00232","20;30;49;51;55;56;57;60;67;70;72;73;82;83;86"
"DB00233","29;37;49;6;70;73;9"
"DB00234","4;47;73;75;77"
"DB00235","49;53;6;60"
"DB00236","15;49;58"
"DB00237","16;32;49;8"
"DB00238","11;4;47;49;70;73;75;77"
"DB00239","13;33;4;47;49;67;70;73;75"
"DB00240","22;3;4;47;49;6;67;70;73;74;75;83"
"DB00241","16;32;49;8"
"DB00242","15;34;49;58;73;75"
"DB00243","11;20;4;47;48;49;70;73;75;77"
"DB00244","27;29;37;47;49;57;6;66;67;68;70;72;73;75;9"
"DB00245","2;39;4;45;47;49;59;70;73;75;76;85"
"DB00246","11;16;20;32;33;35;36;4;47;49;61;70;73;75;77;8;82"
"DB00247","49;62"
"DB00248","15;19;4;47;49;58;62;64;70;71;73;75"
"DB00250","4;47;49;70;73;75"
"DB00251","13;33;47;49;67;70;73;75"
"DB00252","11;16;17;29;32;4;43;47;49;6;70;73;75;77;80"
"DB00253","22;3;49;6;67;70;73;74;75;78;83"
"DB00254","11;21;33;47;49;6;67;70;73;75;80"
"DB00255","11;12;15;28;4;47;49;58;70;73;75;81"
"DB00256","70"
"DB00257","11;13;33;47;49;67;70;73;75;77"
"DB00258","49;67;70;72;75;82"
"DB00259","49;70;73;77"
"DB00260","35;49;70"
"DB00261","15;20;33;47;49;53;58;6;60;73;75"
"DB00262","15;34;47;49;58;63;73;75"
"DB00263","11;20;4;47;49;57;6;73;75;8;9"
"DB00264","10;14;19;25;30;37;4;46;47;49;54;60;70;73;75;77;9"
"DB00266","12;4;47;49;6;66;67;70;73;75"
"DB00267","6;70;73"
"DB00268","11;19;25;30;32;37;4;47;49;60;70;71;73;75;77"
"DB00270","10;11;20;21;30;37;4;47;49;60;70;73;75"
"DB00271","49"
"DB00273","11;16;32;47;49;70;73;75;83"
"DB00274","6;70;73"
"DB00275","10;30;37;49;57;60;68;70;73;82"
"DB00276","15;34;47;49;58;73;77"
"DB00277","14;4;47;49;60;70;73;75;77"
"DB00278","12;4;47;49;53;6;66;70;73;75"
"DB00279","4;49;6;70;73;75;82"
"DB00280","20;33;4;47;49;54;73;75;82;9"
"DB00281","16;32;4;47;49;73;75;77;8;82"
"DB00282","15;24;49;57;58;70;75"
"DB00283","11;16;2;32;47;49;70;73;76;77;8"
"DB00284","50;70;75;8;9"
"DB00285","11;20;27;37;4;45;47;49;53;55;64;66;70;73;75;77;85;9"
"DB00287","10;37;60;70"
"DB00288","22;3;49;6;67;70;73;74;75;78;83"
"DB00289","11;20;4;44;47;49;70;71;73;75;77;85"
"DB00290","15;34;49;58;75"
"DB00291","15;34;49;58"
"DB00292","16;25;32;37;49;70;8"
"DB00293","15;49;58;70"
"DB00294","11;12;4;47;70;73;75;81"
"DB00295","16;26;30;32;39;4;47;49;54;60;64;65;69;70;73;75;77;8"
"DB00296","16;30;32;4;47;49;60;73;75;8"
"DB00297","16;30;32;4;47;49;60;73;75;8"
"DB00298","16;32;33;35;36;49;61;70;8;82"
"DB00300","47;49;57;70;72;73;75"
"DB00301","11;12;70;73;75"
"DB00302","81"
"DB00303","70;73;75"
"DB00304","11;12;70;73;75;81"
"DB00305","15;34;49;58;73;77"
"DB00307","15;4;47;49;58;73;75"
"DB00308","20;33;82"
"DB00309","15;34;4;49;58;73;75"
"DB00310","10;20;30;37;49;51;55;56;57;60;67;70;72;73;82;83;86"
"DB00312","11;16;30;32;4;47;49;60;70;73;75;77;8"
"DB00313","16;32;4;47;49;70;73;75;77;80"
"DB00314","21;70"
"DB00315","19;47;49;64;71;73;75"
"DB00316","4;47;49;6;73;75;77;80"
"DB00317","15;47;49;58;6;73;75;77"
"DB00318","16;32;39;4;47;49;54;60;64;65;69;70;73;75;77;8"
"DB00319","11;21;57;6;70;73;75"
"DB00320","11;19;25;37;4;47;49;62;64;70;71;73;75;77"
"DB00321","16;20;23;27;30;32;35;37;4;47;49;6;60;64;70;73;75;77;8;82;84"
"DB00322","15;34;47;49;58;73;77"
"DB00323","16;30;32;47;49;60;70;8"
"DB00324","22;3;4;47;49;6;67;70;73;74;75;83"
"DB00325","10;30;37;49;60;70"
"DB00326","49;67;70;72;75;82"
"DB00327","16;32;39;4;47;49;54;60;64;65;69;70;73;75;8"
"DB00328","27;29;37;4;47;49;57;6;66;67;68;70;72;73;75;77"
"DB00330","67;70"
"DB00331","49;50;70;73;75;8;9"
"DB00332","2;39;4;47;49;59;70;73;75;85"
"DB00333","11;16;20;32;33;39;4;47;49;54;60;64;65;69;70;73;75;77;8;82"
"DB00334","16;18;20;32;35;36;47;49;61;64;67;70;73;75;77;8;82"
"DB00335","10;14;19;25;3;30;37;46;47;49;54;60;70;73;75;77;9"
"DB00336","47;73"
"DB00337","27;29;34;37;4;47;49;57;6;66;67;68;70;72;73;75"
"DB00338","11;18;26;4;47;49;67;70;73;75;77"
"DB00339","4;47;70;73;75;80"
"DB00340","2;39;49;59;70;73;85"
"DB00341","16;32;49;70;76;8"
"DB00343","10;11;21;25;30;35;37;4;47;49;54;6;60;67;70;73;75;77"
"DB00344","16;20;23;27;30;32;33;35;37;4;47;49;6;60;64;70;73;77;8;82;84"
"DB00345","49;73;77"
"DB00346","10;20;30;4;47;5;60;73;75"
"DB00347","4;47;70;73;75"
"DB00349","11;16;32;4;47;49;70;73;75;77"
"DB00350","10;30;37;49;60;70;73"
"DB00351","15;49;58;70;73;77"
"DB00352","15;34;47;49;58"
"DB00353","19;49;62;71;73"
"DB00354","70;76"
"DB00355","70"
"DB00356","16;32;4;47;49;73;75;8"
"DB00357","15;49;58;73;75"
"DB00358","17;20;33;4;47;49;54;70;73;75;77"
"DB00359","4;47;49;57;6;73;75;9"
"DB00360","49;60;75"
"DB00361","15;34;35;4;47;49;58;73;75;77"
"DB00362","13;47;49;67;70;73;75"
"DB00363","11;16;20;30;32;35;36;4;47;49;60;61;63;70;73;75;77;8;82"
"DB00364","12;67;73;75"
"DB00366","16;2;32;49;70;76"
"DB00367","11;12;4;47;70;73;75;81"
"DB00368","25;37;45;49;5;70;71;73;82;83;85"
"DB00369","72;73"
"DB00370","16;20;27;30;32;35;37;4;47;49;6;60;64;70;73;75;76;77;82;84"
"DB00371","16;32;4;47;49;70;73;75;77"
"DB00373","10;14;19;25;30;37;4;46;47;49;54;60;70;73;75;77;9"
"DB00374","10;18;20;37;4;47;49;53;6;60;70;73;75"
"DB00375","11;3;67;70;75"
"DB00376","2;39;49;59;70;73;85"
"DB00377","4;47;52;60;64;73;75"
"DB00378","70"
"DB00379","4;47;73;75"
"DB00380","15;49;58;70"
"DB00381","10;11;21;30;37;4;47;49;60;70;73;75;77"
"DB00384","30;37;42;47;49;56;57;60;68;70;73;75"
"DB00385","15;21;24;40;49;57;58;7;72;73;75"
"DB00387","2;39;49;59;70;73;85"
"DB00388","45;49;5;70;71;73;75;84;85"
"DB00389","12;70;73;75"
"DB00390","25;4;47;49;54;58;67;70;73;75;77;82"
"DB00391","16;2;32;33;35;36;49;61;70;75;8;82"
"DB00392","2;39;49;59;70;73;76;85"
"DB00393","10;21;30;37;4;47;49;60;70;73;75"
"DB00394","22;3;49;6;67;70;73;74;75;78;83"
"DB00395","16;32;4;47;49;73;75;77;8"
"DB00396","13;4;47;49;70;72;73;75;77"
"DB00397","14;49;5;70;71;83;85"
"DB00398","15;20;34;4;47;49;58;6;73;75;77;80"
"DB00399","24;49;70;75"
"DB00400","13;4;47;49;67;70;73;75"
"DB00401","10;21;30;37;4;47;49;60;70;73;75;77"
"DB00402","16;32;4;47;49;73;75;76;8"
"DB00404","16;32;4;47;49;70;73;75;8"
"DB00405","16;32;49;70;76;8"
"DB00408","16;32;33;35;36;49;61;70;77;8;82"
"DB00409","16;32;33;35;36;47;49;61;70;73;8;82"
"DB00410","70"
"DB00411","49;70"
"DB00412","11;4;47;49;50;6;70;73;75;77;8;9"
"DB00413","30;32;49;60;70;73"
"DB00415","11;3;6;70;72;73;75;86"
"DB00417","11;6;70;72;73;75"
"DB00418","16;30;32;4;47;49;60;70;73;75;8"
"DB00419","50;70;8;9"
"DB00420","11;16;20;32;35;36;4;47;49;60;61;67;70;73;75;77;8;82"
"DB00421","21;30;37;42;49;5;56;57;60;68;70;73;77;82"
"DB00422","18;37;45;47;49;71;73;77"
"DB00423","16;32;49;70;8"
"DB00424","2;39;49;59;70;73;75;85"
"DB00425","16;32;4;47;49;73;75;76"
"DB00426","4;47;73;75"
"DB00427","16;32;49;70;73;76;77;8"
"DB00428","15;21;24;34;40;49;57;58;7;72;73;75"
"DB00429","49;70"
"DB00430","70"
"DB00432","15;49;58"
"DB00433","16;32;33;35;36;4;47;49;60;61;67;70;73;75;8;82"
"DB00434","16;2;32;49;70;76;8"
"DB00435","30;47;49;60;73;75"
"DB00436","10;20;25;30;37;49;51;54;55;56;57;60;67;70;72;73;82;83;86"
"DB00437","49;6;67;70;73;77;86"
"DB00438","6;70;73"
"DB00440","20;33;4;47;49;63;68;72;73;75;77"
"DB00441","15;34;49;58;6;73;75"
"DB00442","49;80"
"DB00443","22;3;34;49;6;67;70;73;74;75;78;83"
"DB00444","15;34;35;4;47;49;58;73;75"
"DB00445","15;21;24;34;40;49;57;58;7;72;73;75"
"DB00446","11;4;47;49;6;70;73;75"
"DB00448","11;18;28;4;47;49;67;70;73;75;77"
"DB00449","25;37;49;5;70;71;83;85"
"DB00450","16;20;32;33;49;61;70;82"
"DB00451","4;47;49;6;67;70;73;75;82"
"DB00452","21;24;40;49;57;7;70;72;73;75"
"DB00453","70"
"DB00454","16;32;39;4;41;47;49;54;60;64;65;69;70;73;75;8"
"DB00455","16;32;4;47;49;70;73;75;76;77;8"
"DB00456","6;70;73"
"DB00457","10;30;37;49;5;60;70;73;75;77"
"DB00458","11;16;20;23;27;30;32;35;37;4;47;49;6;60;64;70;73;75;77;8;82;84"
"DB00459","49;70;80"
"DB00460","1;15;49;58"
"DB00461","27;29;37;47;49;53;57;6;66;67;68;70;72;73;75;81"
"DB00462","2;39;49;59;70;73;85"
"DB00465","27;29;37;49;57;6;66;67;68;70;72;73"
"DB00467","15;27;33;47;49;58;6;67;70;73;75;9"
"DB00468","11;20;21;33;4;47;49;6;60;70;73;75;77;9"
"DB00469","27;29;37;4;47;49;57;6;66;67;68;70;72;73;75"
"DB00470","16;47;73;75;77;85"
"DB00471","4;47;70;73;75"
"DB00472","11;20;27;33;4;45;47;49;53;55;6;64;66;70;73;75;77;9"
"DB00474","16;30;32;4;47;49;60;70;73;75;8"
"DB00475","16;32;4;47;49;70;73;75;8"
"DB00476","11;27;30;37;45;47;49;53;55;6;64;66;70;73;75;77;85;9"
"DB00477","11;16;20;30;32;33;35;36;4;47;49;60;61;67;70;72;73;75;77;8;82"
"DB00479","21;24;40;49;57;7;70;72;73;75"
"DB00480","15;34;49;58;73;75;81"
"DB00481","4;47;49;67;73;75"
"DB00482","11;27;29;37;4;47;49;53;57;6;66;67;68;70;72;73;75;77;81"
"DB00483","17;2;21;39;40;49;54;59;70;73;82;85"
"DB00484","10;16;25;30;32;37;49;5;54;60;70;71;85"
"DB00485","11;12;70;72;73;75"
"DB00486","16;30;32;49;60;70;85"
"DB00487","15;27;33;47;49;58;6;67;70;73;75;9"
"DB00488","15;30;34;49;58;70"
"DB00489","19;20;25;30;33;37;46;47;49;54;60;70;73;75;9"
"DB00490","16;32;4;45;47;49;64;70;73;75;77;8"
"DB00491","50;70;8;9"
"DB00492","10;30;37;4;47;49;57;60;63;68;70;73;75;82;86"
"DB00493","6;70;73"
"DB00494","16;32;47;49;70;73;77;8"
"DB00495","16;4;47;48;49;63;70;73;75"
"DB00496","11;2;39;4;47;49;59;70;73;75;77;85"
"DB00497","16;32;39;4;47;49;54;60;64;65;69;70;73;75;8"
"DB00498","12;4;47;49;6;66;67;70;73;75"
"DB00499","15;4;47;49;58;70;73;75"
"DB00500","27;29;37;49;57;6;66;67;68;70;72;73"
"DB00501","11;18;47;49;6;63;67;70;72;73;75;76;77"
"DB00502","11;16;20;32;33;35;36;4;47;49;61;70;73;75;77;8;82"
"DB00503","11;20;4;47;49;70;73;75;77"
"DB00504","49"
"DB00508","16;32;33;35;36;49;60;61;67;70;73;77;8;82"
"DB00511","25;49;54;58;67;70;73;75;82"
"DB00512","21;57;70;73"
"DB00513","81"
"DB00514","4;47;49;64;73;75;77"
"DB00515","15;34;49;57;58;63;70;73;75"
"DB00517","2;39;49;59;70;73;85"
"DB00518","11;15;4;47;49;58;73;75;77"
"DB00519","10;30;37;4;47;49;57;60;63;68;70;73;75;82;86"
"DB00520","13;47;49;67;70;73;75;77"
"DB00521","10;14;19;25;30;37;46;47;49;54;60;70;73;75;77;9"
"DB00523","15;49;58;70;73;75;80"
"DB00524","10;20;30;37;49;51;55;56;57;60;67;70;72;73;82;83;86"
"DB00525","13;47;49;67;70;73;75"
"DB00526","15;33;34;47;49;58;63;73;75"
"DB00527","16;32;49;8"
"DB00528","10;21;30;37;4;47;49;60;70;73;75;77"
"DB00529","20;49;57;73"
"DB00530","15;4;47;49;58;73;75"
"DB00531","15;34;4;47;49;58;73;75;77;80"
"DB00535","70;75"
"DB00537","15;20;33;49;58;70;73;75;77;82"
"DB00539","15;20;33;47;49;51;58;6;70;73;75"
"DB00540","16;20;23;27;30;32;35;37;4;47;49;6;60;64;70;73;75;77;8;82;84"
"DB00541","15;34;35;4;47;49;58;73;75;77"
"DB00542","10;30;37;4;47;49;57;60;63;68;70;73;75;82;86"
"DB00543","16;20;23;27;30;32;33;35;37;4;45;47;49;6;60;64;70;73;8;82;84"
"DB00544","15;34;4;47;49;58;73;75"
"DB00545","17;49;54;70;73;75"
"DB00546","4;47;70;73;75"
"DB00547","22;3;49;6;67;70;73;74;75;78;83"
"DB00548","15;49;58"
"DB00549","4;47;49;70;73;75;77"
"DB00550","12;49;70;73"
"DB00551","49"
"DB00552","15;34;49;58"
"DB00553","1;11;4;47;73;75;77"
"DB00554","27;29;37;4;47;49;57;6;66;67;68;70;72;73;75"
"DB00555","16;21;32;4;47;49;60;70;73;75"
"DB00556","20"
"DB00557","16;20;32;49;70;73;76;77"
"DB00559","10;37;4;60;70;72;73;75;77;80"
"DB00560","70;73"
"DB00561","71"
"DB00562","49"
"DB00563","15;34;49;57;58;67;70;73;75;80"
"DB00564","11;16;25;32;4;47;49;63;70;73;75;77"
"DB00565","17;21;40;82"
"DB00567","4;47;6;70;73;75"
"DB00568","21;4;47;49;60;70;73;75;76"
"DB00569","12;49;6;66;70"
"DB00570","15;34;4;47;49;58;72;73;75;77"
"DB00571","10;19;25;30;37;4;46;47;49;54;60;70;73;75;77;9"
"DB00572","2;39;49;59;70;71;73;85"
"DB00573","27;29;37;49;57;6;66;67;68;70;72;73"
"DB00575","10;16;25;30;32;37;4;47;49;5;54;60;70;71;73;75;8;85"
"DB00576","49"
"DB00577","16;57;72;73"
"DB00578","11;6;70;73;75"
"DB00581","70"
"DB00582","11;13;20;4;47;49;67;70;73;75;77"
"DB00583","6"
"DB00584","10;30;37;4;47;49;57;60;63;68;70;73;75;77;82;86"
"DB00585","18;67;70;73;75;76"
"DB00586","27;29;37;4;47;49;57;6;66;67;68;70;72;73;75;77"
"DB00588","16;22;3;32;4;47;49;6;67;70;73;74;75;8;83"
"DB00589","19;4;47;49;62;71;73;75"
"DB00590","10;30;37;4;47;49;5;60;70;73;75;77"
"DB00591","22;3;49;6;67;70;73;74;75;78;83"
"DB00592","47;70;73;75"
"DB00593","16;32;4;47;49;70;73;75"
"DB00594","30;37;42;49;56;57;60;68;70;73"
"DB00595","70"
"DB00596","22;3;49;6;67;70;73;74;75;78;83"
"DB00598","10;19;25;30;37;46;47;49;5;54;60;70;71;73;75;77;85;9"
"DB00599","16;30;32;4;47;49;60;70;73;75;8"
"DB00601","49;64;70;71"
"DB00602","4;47;6;73;75;77"
"DB00603","11;12;15;4;47;49;58;70;73;75;81"
"DB00604","20;33;4;47;49;73;75;77;82"
"DB00605","15;27;29;37;47;49;57;58;6;66;67;68;70;72;73"
"DB00606","10;37;49;56;57;60;70"
"DB00607","11;12;4;70;72;73;75"
"DB00608","11;20;27;29;33;37;4;47;49;57;6;66;67;68;70;72;73;75;77"
"DB00609","49;70;73"
"DB00610","49;5;70;71;75;84;85"
"DB00611","16;32;33;39;49;54;60;64;65;69;70;75;8"
"DB00612","10;14;19;25;30;37;4;46;47;49;54;60;70;73;75;9"
"DB00613","33;4;47;49;73;75;77"
"DB00614","2;27;30;31;41;44;47;49;60;64;71;73;79;8;9"
"DB00615","11;4;47;49;70;73;75;77;80"
"DB00617","4;47;70;73;75"
"DB00618","21;49;6;67;70;75;80"
"DB00619","11;15;28;34;4;47;49;58;6;73;75;77;80"
"DB00620","22;3;34;4;47;49;6;67;70;73;74;75;83"
"DB00621","6;74;80;9"
"DB00622","10;11;20;21;30;37;4;47;49;60;70;73;75;77"
"DB00623","16;32;33;35;36;47;49;60;61;67;70;73;77;8;82"
"DB00624","4;47;49;6;73;74;75;77;80;9"
"DB00625","11;16;32;4;47;49;70;73;75;77"
"DB00626","57;70"
"DB00627","49;67;70;73;77"
"DB00628","16;32;4;47;49;70;73;75"
"DB00629","10;25;37;47;5;60;70;71;73;75;85"
"DB00630","24;49;70;75"
"DB00631","15;30;34;49;58;60;73;75"
"DB00633","16;25;30;32;37;47;49;5;54;60;70;71;73;75;77;8;85"
"DB00634","49;70"
"DB00635","11;15;22;3;34;47;49;58;6;67;70;73;74;75;77;83"
"DB00636","11;4;47;48;57;6;67;70;73;75;9"
"DB00637","20;33;4;47;49;70;73;75;76;77;82"
"DB00639","13;33;47;49;67;70;73;75"
"DB00640","25;49;70"
"DB00641","4;47;48;49;6;73;75;77;80"
"DB00642","15;34;49;58"
"DB00643","15;4;47;49;58;73;75;77"
"DB00645","16;32;49;8"
"DB00646","13;47;49;67;70;73;75"
"DB00647","16;32;39;4;47;49;54;60;64;65;69;70;73;75;77;8"
"DB00648","11;58;70;75"
"DB00649","49;70;73;80"
"DB00650","49;70;75"
"DB00651","14;4;47;49;60;70;73;75;77"
"DB00652","16;32;33;39;49;54;60;64;65;69;70;75;8"
"DB00653","16;21;32;4;47;49;60;67;70;73;75"
"DB00654","10;37;60;70"
"DB00655","12;22;28;3;4;47;49;6;67;70;73;74;75;81;83"
"DB00656","12;16;20;32;4;47;49;64;70;73;75;8"
"DB00657","10;2;21;30;37;39;49;59;60;70;73;75;85"
"DB00658","67;75"
"DB00660","16;32;49;8"
"DB00661","11;21;25;30;35;4;47;49;54;6;60;62;70;72;73;75;77"
"DB00662","16"
"DB00663","22;3;49;6;67;70;73;74;75;78;83"
"DB00664","33;49;73"
"DB00665","15;4;47;49;58;70;73;75"
"DB00666","70"
"DB00668","25;37;49;5;60;70;71;73;82;83;85"
"DB00669","19;47;49;64;71;73;75;77"
"DB00670","16;2;39;49;59;70;73;85"
"DB00671","6;70;73"
"DB00672","4;43;47;49;50;6;70;73;75;77;8;9"
"DB00673","4;47;49;73;75"
"DB00674","17;20;25;4;47;49;54;70;73;75"
"DB00675","11;15;20;4;47;49;58;6;72;73;75;77;80"
"DB00677","17;4;47;49;54;70;73;75"
"DB00678","10;30;37;4;47;49;57;60;68;70;73;75;77;82"
"DB00679","16;20;30;32;33;35;36;4;47;49;60;61;67;70;73;75;77;8;82"
"DB00680","49;60;67;73"
"DB00681","13;30;47;49;57;60;67;70;73;75;83"
"DB00682","12;4;47;49;6;66;67;70;73;75"
"DB00683","16;32;4;47;49;70;73;75;77;8"
"DB00684","21;24;40;49;57;7;70;72;73;75"
"DB00685","15;27;33;47;49;58;6;67;73;75;9"
"DB00686","12;49;6;66;70"
"DB00687","22;3;34;49;6;67;70;73;74;75;78;83"
"DB00688","15;27;29;34;37;4;47;49;57;58;6;66;67;68;70;72;73;75"
"DB00689","6;70;73"
"DB00690","16;32;4;47;49;70;73;75;77;8"
"DB00691","10;20;30;37;4;47;49;57;60;63;68;70;73;75;82;86"
"DB00692","10;30;37;49;60;70"
"DB00694","15;21;24;34;4;40;47;49;57;58;7;72;73;75;77"
"DB00695","17;20;29;30;49;56;57;60;65;67;7;70;73;75;82;83"
"DB00696","19;25;37;4;47;49;5;62;64;70;71;73;75;77"
"DB00697","16;20;25;30;32;37;49;5;54;60;70;71;73;75;85"
"DB00698","49;68;70;73;75"
"DB00699","47;49;62;73"
"DB00700","30;37;4;49;56;57;60;68;70;73;75"
"DB00701","4;47;49;70;73;75;77"
"DB00703","30;49;56;57;60;70;72;73;75;77"
"DB00704","49;70;73;77"
"DB00705","11;4;47;49;67;70;73;75;77;82"
"DB00706","10;30;4;47;49;5;60;73;75"
"DB00708","16;25;30;32;39;4;47;49;54;60;64;65;69;70;73;75;79;8"
"DB00709","49;72;73;75;80"
"DB00710","20;24;49;70;75"
"DB00711","75"
"DB00712","27;29;37;4;47;49;57;6;66;67;68;70;72;73;75"
"DB00713","11;6;70;72;73;75"
"DB00714","19;20;25;30;37;47;49;60;70;71;73"
"DB00715","11;20;27;33;45;47;49;53;55;6;64;66;70;73;75;77;9"
"DB00717","4;47;70;73;75"
"DB00718","70;73"
"DB00719","70;75;76"
"DB00720","24;49;70;73;75"
"DB00721","16;32;49;8"
"DB00722","10;30;37;4;47;49;57;60;63;68;70;73;75;82;86"
"DB00723","49;5;70;71;75;84;85"
"DB00724","15;34;4;47;49;58;73;75"
"DB00726","16;20;23;27;30;32;35;37;4;47;49;6;60;64;70;73;75;77;8;82;84"
"DB00727","30;38;49;60;62"
"DB00728","17;21;40;82"
"DB00730","47;73;75"
"DB00731","4;47;50;70;73;75;8;9"
"DB00732","17;2;21;22;39;40;49;59;70;73;82;85"
"DB00734","16;20;25;32;35;36;37;4;47;49;60;61;64;70;73;75;77;8;82"
"DB00735","13;27;29;37;47;49;57;6;66;67;68;70;72;73;75"
"DB00736","11;18;26;4;47;67;70;73;75"
"DB00737","16;32;49;70;76;8"
"DB00738","13;20;33;4;47;49;67;70;73;75;77;82;9"
"DB00740","47;70;73;75"
"DB00741","22;3;34;47;49;6;67;70;73;74;75;77;83"
"DB00742","30;49;56;57;60;70;73;75"
"DB00743","20"
"DB00744","27;29;37;4;47;49;57;6;66;67;68;70;72;73;75"
"DB00745","11;4;47;49;73;75"
"DB00746","49"
"DB00747","16;2;32;39;49;59;70;73;77;8"
"DB00748","16;32;4;47;49;70;73;75;76;77;8"
"DB00749","27;29;37;4;47;49;53;57;6;66;67;68;70;72;73;75;81"
"DB00750","16;32;49;8"
"DB00751","18;4;47;49;5;53;6;67;70;71;73;75;76;77;85"
"DB00752","11;16;2;27;30;31;32;33;41;44;47;49;60;64;70;71;73;77;8;9"
"DB00753","16;20;21;30;32;4;47;49;60;71;73;75;8;82"
"DB00754","16;32;49;6;70;73;75"
"DB00755","15;30;34;4;47;49;58;60;70;73;75;81"
"DB00757","20;4;47;52;60;64;73;75;77;82"
"DB00758","11;26;4;47;49;53;6;70;73;75"
"DB00759","4;47;49;70;73;75"
"DB00760","70;73;75"
"DB00761","49;59"
"DB00762","15;34;47;49;58;73;75;77"
"DB00763","11;12;49;70;73;75;77"
"DB00764","22;3;49;6;67;70;73;74;75;78;83"
"DB00765","10;32;37;49;60;70"
"DB00766","70"
"DB00768","16;27;29;32;37;4;47;49;57;6;66;67;68;70;72;73;75;76;8"
"DB00769","75"
"DB00770","49;53;6;70"
"DB00771","16;32;49;8"
"DB00772","17;4;47;49;54;70;73;75"
"DB00773","15;34;47;49;58;6;73;75;77"
"DB00774","10;20;30;37;49;51;55;56;57;60;67;70;72;73;82;83;86"
"DB00775","49;53;6"
"DB00776","11;16;49;64;70;73;75"
"DB00778","33;4;47;49;70;73;75"
"DB00779","15;27;33;47;49;58;6;67;70;73;75;9"
"DB00780","2;21;27;30;31;33;41;44;47;49;60;64;71;73;79;8;9"
"DB00781","21;57;70"
"DB00782","2;39;49;59;70;73;85"
"DB00783","12;28;4;47;49;70;73;75;81"
"DB00784","27;29;37;4;47;49;57;6;66;67;68;70;72;73;75"
"DB00787","73"
"DB00788","27;29;37;4;47;49;57;6;66;67;68;70;72;73;75"
"DB00790","10;30;37;4;47;49;57;60;63;68;70;73;75;77;82;86"
"DB00791","15;49;58"
"DB00792","70;73;76;77"
"DB00793","13;47;49;67;70;73;75"
"DB00794","11;16;30;32;4;47;49;60;70;73;75;77;80"
"DB00795","27;29;37;49;57;6;66;67;68;70;72;73;75;80"
"DB00796","10;30;37;4;47;49;56;57;60;68;70;73;75;77;82"
"DB00797","10;30;37;49;60;70"
"DB00798","21;24;40;49;57;7;70;72;73;75"
"DB00799","4;47;73;75"
"DB00800","10;30;37;49;60;70"
"DB00801","16;32;49;70;8"
"DB00802","16;32;39;4;47;49;54;60;64;65;69;70;73;75;77;79;8"
"DB00803","70"
"DB00804","2;39;49;59;70;73;85"
"DB00805","17;2;27;30;31;33;41;44;47;49;54;60;64;70;71;73;79;8;9"
"DB00806","47;49;53;6;60;73;75"
"DB00807","16;32;49;8"
"DB00808","10;20;30;37;4;47;49;51;55;56;57;60;67;70;72;73;75;82;83;86"
"DB00809","2;39;49;59;70;73;85"
"DB00810","2;39;49;59;70;73;77;85"
"DB00811","49;77;80"
"DB00812","27;29;37;4;47;49;57;6;66;67;68;70;72;73;75"
"DB00813","16;32;39;45;49;54;60;64;65;69;70;73;75;77;79;8"
"DB00814","27;29;37;4;47;49;57;6;66;67;68;70;72;73;75"
"DB00816","14;33;49;5;70;71;83;85"
"DB00817","27;33;47;49;6;67;73;75;9"
"DB00818","16;20;30;32;33;4;47;49;60;73;75;77;8"
"DB00819","49;56;57;70;72;73;75"
"DB00820","10;38;47;49;60;73;75"
"DB00821","1;27;29;37;49;57;6;66;67;68;70;72;73"
"DB00822","4;47;49;70;73;75;77"
"DB00823","11;12;70;73;75;81"
"DB00826","13;47;49;67;70;73;75"
"DB00827","15;27;33;47;49;58;6;67;73;75;9"
"DB00828","70"
"DB00829","16;32;4;47;49;70;73;75;80"
"DB00830","49;70;71;85"
"DB00831","16;32;35;36;47;49;60;61;67;70;73;75;77;8;82"
"DB00832","70;73;75"
"DB00833","6;70;73"
"DB00834","20;47;49;70;73;75;77;9"
"DB00835","16;32;4;47;49;70;73;75;76;77;8"
"DB00836","39;4;47;73;75;77"
"DB00837","33;70;75"
"DB00838","22;3;49;6;67;70;73;74;75;78;83"
"DB00839","43;47;49;50;6;70;73;75;8;9"
"DB00841","14;47;49;5;70;71;83;85"
"DB00842","16;32;4;47;49;70;73;75;8"
"DB00843","17;25;33;4;47;49;54;70;73;75"
"DB00844","16;32;33;39;49;54;60;64;65;69;70;75;8"
"DB00845","4;47;49;70;72;73;75;77"
"DB00846","22;3;49;6;67;70;73;74;75;78;83"
"DB00847","49;70"
"DB00849","16;30;32;4;47;49;60;70;73;75"
"DB00850","16;32;35;36;4;47;49;60;61;67;70;73;75;77;8;82"
"DB00851","15;34;47;49;58;73;75"
"DB00852","25;37;45;47;49;5;61;69;70;71;72;73;75;76;85"
"DB00853","15;34;49;58;75"
"DB00854","16;32;33;39;49;54;60;64;65;69;70;75;8"
"DB00855","1;15;49;58"
"DB00856","75"
"DB00857","11;13;4;47;49;67;70;73;75;77"
"DB00859","67;73;75"
"DB00860","11;15;22;3;34;47;49;58;6;67;70;73;74;75;83"
"DB00861","27;29;37;49;57;6;66;67;68;70;72;73;9"
"DB00862","10;20;38;4;47;49;60;73;75"
"DB00863","11;18;4;47;49;67;70;73;75;76;77"
"DB00864","18;20;34;4;42;47;49;57;68;70;73;75"
"DB00865","25;37;4;45;47;49;61;69;70;71;72;73;75;76;85"
"DB00866","10;14;19;25;30;37;46;47;49;54;60;70;73;75;9"
"DB00867","14;33;49;5;70;71;83;85"
"DB00869","10;37;4;47;49;60;70;72;73;75"
"DB00870","27;29;37;4;47;49;57;6;66;67;68;70;72;73;75"
"DB00871","14;20;33;49;5;70;71;83;85"
"DB00872","11;30;4;47;49;56;57;60;70;73;75"
"DB00873","22;3;49;6;67;70;73;74;75;78;83"
"DB00875","16;20;32;33;35;36;49;61;70;73;77;8;82"
"DB00876","10;30;37;49;57;60;68;70;73;82"
"DB00877","13;15;34;4;47;49;58;67;70;73;75;77"
"DB00879","49;80"
"DB00880","10;20;30;37;49;51;55;56;57;60;67;70;72;73;82;83;86"
"DB00881","10;30;37;4;47;49;57;60;63;68;70;73;75;82;86"
"DB00882","11;49;73;75"
"DB00883","30;38;4;47;49;60;73;75"
"DB00884","18;21;24;4;47;49;60;70;73;75"
"DB00885","70;76"
"DB00887","17;20;29;30;49;56;57;60;67;70;73;75;82;83"
"DB00888","15;34;49;58"
"DB00889","20;4;47;52;60;64;73;75;77;82"
"DB00890","12;28;4;47;49;70;73;75;81"
"DB00891","49"
"DB00892","16;32;49;8"
"DB00894","15;49;58"
"DB00896","22;3;49;6;67;70;73;74;75;78;83"
"DB00897","16;32;4;47;49;70;73;75;8"
"DB00898","16;18;30;32;35;38;4;47;49;60;70;73;75;80"
"DB00899","16;30;32;33;39;49;54;60;64;65;69;70;75;79;8"
"DB00900","49;67;70;73;75"
"DB00903","17;20;29;30;49;56;57;60;67;7;70;73;75;82;83"
"DB00904","16;20;32;33;35;36;4;47;49;52;60;61;64;70;73;75;77;8;82"
"DB00905","10;37;60;70"
"DB00906","16;32;4;47;49;70;73;75"
"DB00907","16;32;33;4;45;47;49;64;70;73;75;77;8"
"DB00908","11;2;20;21;33;39;4;47;49;52;59;6;60;70;72;73;75;77;80;82;85"
"DB00909","16;32;4;47;49;70;73;75"
"DB00910","4;47;49;51;73;75;82"
"DB00911","4;47;49;73;75"
"DB00912","4;47;49;50;70;73;75;8;9"
"DB00914","47;50;70;73;8;9"
"DB00915","16;2;20;49;70;73;77"
"DB00916","20;4;47;49;70;73;75;77"
"DB00917","47;49;70;73;75"
"DB00918","19;4;47;49;64;71;73;75"
"DB00919","21;24;40;49;57;7;70;72;73;75"
"DB00920","70;76"
"DB00921","11;16;32;39;4;47;49;54;60;64;65;69;70;73;75;77"
"DB00922","30;49;60"
"DB00923","6;70;73"
"DB00924","16;20;23;27;30;32;35;37;4;47;49;6;60;64;70;73;75;8;82;84"
"DB00925","10;30;37;4;47;49;60;70;73;75"
"DB00927","18;20;4;47;67;70;73;75;76"
"DB00928","15;34;49;58"
"DB00929","49;70"
"DB00931","70"
"DB00932","11;28;4;47;49;53;6;70;73;75;77"
"DB00933","16;32;33;35;36;47;49;60;61;67;70;73;8;82"
"DB00934","16;20;32;47;49;64;73;75;77;8"
"DB00935","25;37;49;5;70;71;85"
"DB00936","13;27;29;37;4;47;49;57;6;66;67;68;70;72;73;75;9"
"DB00937","23;45;49;61;69;70;71;72;75;76"
"DB00938","14;20;4;47;49;5;70;71;73;75;83;85"
"DB00939","27;29;37;49;57;6;66;67;68;70;72;73"
"DB00940","18;2;39;49;59;67;70;73;75;85"
"DB00943","4;47;49;73;75;80"
"DB00944","17;49;54;70;73"
"DB00945","27;29;37;4;47;49;53;57;6;66;67;68;70;72;73;75;77;9"
"DB00946","12;4;47;49;6;66;67;70;73;75"
"DB00947","15;4;47;49;58;73;75"
"DB00948","11;6;70;73;75"
"DB00949","16;20;32;4;47;49;70;73;75;77"
"DB00950","16;32;49;62;70;73;75;76;77;8"
"DB00951","11;47;49;67;70;73;75;77;80"
"DB00952","19;47;49;64;71;73"
"DB00953","19;47;49;64;71;73;75"
"DB00954","70"
"DB00955","21;24;40;49;57;7;70;72;73;75"
"DB00956","11;16;32;39;47;49;54;60;64;65;69;70;73;75"
"DB00957","11;12;70;73;75;81"
"DB00958","15;34;49;58;63;7;73;75"
"DB00959","15;22;3;34;47;49;58;6;67;70;73;74;75;83"
"DB00960","10;19;25;30;37;46;47;49;54;60;70;73;75;77;9"
"DB00961","16;32;49;73;8"
"DB00962","16;32;47;49;70;73;75;76"
"DB00963","27;29;37;49;57;6;66;67;68;70;72;73"
"DB00964","30;37;49;5;60;70;71;85"
"DB00966","10;30;37;49;57;60;68;70;73;77;82"
"DB00967","16;2;32;39;49;59;70;73;76;77;8"
"DB00968","10;25;30;31;37;47;49;5;54;60;70;71;75;85"
"DB00969","39;4;47;73;75"
"DB00970","15;34;49;58;70;73;75;77"
"DB00972","11;16;27;29;32;37;4;47;49;53;57;6;66;67;68;70;72;73;75;76;77;8"
"DB00973","49;67;73;75"
"DB00974","12;49;6;66;70"
"DB00975","30;49;53;54;6;60;70;73;75"
"DB00976","11;20;4;47;49;54;70;73;75;77"
"DB00977","12;28;4;47;49;70;72;73;75;81"
"DB00978","15;47;49;58;70;73;75"
"DB00979","2;39;49;59;70;73;85"
"DB00980","16;32;4;47;49;73;75;76;8"
"DB00981","17;49;54;70;73"
"DB00982","49;70;80"
"DB00983","14;20;33;4;47;49;5;70;71;73;75;82;83;85"
"DB00985","16;32;49;70;76;8"
"DB00986","2;39;49;70;73;75;85"
"DB00987","15;34;4;47;49;58;70;73;75"
"DB00988","4;47;49;60;70;71;73;75;82;85"
"DB00989","17;25;49;54;70;73;77"
"DB00990","15;47;49;58;70;73;75"
"DB00991","27;29;37;4;47;49;57;6;66;67;68;70;72;73;75"
"DB00992","15;49;58"
"DB00993","12;34;47;49;58;63;73;77;80"
"DB00996","16;21;32;4;47;49;60;70;73;75"
"DB00997","15;21;24;34;4;40;47;49;57;58;7;70;72;73;75;77;80"
"DB00998","19;47;49;64;71;73;75"
"DB00999","10;20;30;37;49;51;55;56;57;60;67;70;72;73;82;83;86"
"DB01000","11;6;70;73;75"
"DB01001","14;20;33;49;5;70;71;73;83;85"
"DB01002","16;30;32;4;47;49;60;73;75;8"
"DB01004","49;73"
"DB01005","15;34;49;58;73;77"
"DB01006","11;15;4;47;49;58;73;75"
"DB01007","13;47;49;67;70;73;75;77"
"DB01008","15;34;4;47;49;58;73;75"
"DB01009","27;29;37;4;47;49;57;6;66;67;68;70;72;73;75"
"DB01010","17;25;49;54;70;73"
"DB01011","11;49;73;75;77"
"DB01012","11;4;47;70;73;75;77"
"DB01013","22;3;49;6;67;70;73;74;75;78;83"
"DB01014","27;29;37;47;49;57;6;66;67;68;70;72;73;75;9"
"DB01015","20;4;47;49;57;6;63;73;75;9"
"DB01016","4;43;47;49;50;6;70;72;73;75;77;8;80;9"
"DB01017","16;21;49;6;67;70;75;80"
"DB01018","10;16;25;30;32;37;4;47;49;5;54;60;70;71;73;75;8;85"
"DB01019","49"
"DB01020","30;38;4;47;49;60;73;75"
"DB01021","10;20;30;37;49;51;55;56;57;60;67;70;72;73;82;83;86"
"DB01022","12;75;81"
"DB01023","10;21;30;37;4;47;49;60;70;73;75;77"
"DB01024","11;15;29;34;37;49;57;58;6;66;67;70;72;73;75"
"DB01026","11;13;20;4;47;49;67;70;72;73;75;77"
"DB01028","16;21;32;4;47;49;71;73;75;8;82"
"DB01029","10;30;37;4;47;49;57;60;68;70;73;75;77;82"
"DB01030","15;34;49;58;73;75"
"DB01032","43;47;49;70;72;73;75;77"
"DB01033","12;15;34;47;49;58;63;73;80"
"DB01034","13;47;49;67;70;73;75"
"DB01035","20;21;33;47;49;73;77;82"
"DB01036","2;20;39;4;47;49;59;6;70;73;75;85"
"DB01037","2;27;30;31;4;41;44;45;47;49;60;64;71;73;75;77;79;8;9"
"DB01039","4;47;48;49;57;6;67;70;73;75;9"
"DB01041","15;16;28;30;32;34;4;47;49;57;58;60;70;73;75;8;81"
"DB01042","15;34;49;57;58"
"DB01043","11;17;49;54;70;72;73"
"DB01044","15;27;33;47;49;58;6;67;70;73;75;9"
"DB01045","11;26;4;47;49;60;70;72;73;75;77;80"
"DB01046","70"
"DB01047","22;3;49;6;67;70;73;74;75;78;83"
"DB01048","49;70;75;80"
"DB01050","27;29;37;4;47;49;57;6;66;67;68;70;72;73;75"
"DB01051","70;72;73"
"DB01053","11;6;70;72;73;75"
"DB01054","10;21;30;37;4;47;49;60;67;70;73;75;77"
"DB01057","17;49;54;70;73"
"DB01058","47;73;75;77"
"DB01059","11;15;20;27;33;47;49;58;6;67;70;73;75;9"
"DB01060","11;4;47;6;70;72;73;75;86"
"DB01061","11;6;70;73;75"
"DB01062","16;2;39;4;47;49;59;70;73;75;77;85"
"DB01063","33;35;36;49;61;70;82"
"DB01064","14;49;5;70;71;75;82;83;85"
"DB01065","16;32;37;4;47;49;73;75;8"
"DB01066","70;75"
"DB01067","4;43;47;49;50;6;70;73;75;8;9"
"DB01068","16;32;4;47;49;70;73;75;80"
"DB01069","16;18;20;32;4;47;49;5;60;64;67;70;73;75;76;77;8"
"DB01070","49;51;73;75;82"
"DB01071","2;47;49;67;70;73;76;82"
"DB01072","11;20;4;47;49;67;70;73;75;77"
"DB01073","15;34;49;58"
"DB01074","21;4;47;49;60;70;73;75;77"
"DB01075","11;16;20;32;4;47;49;70;73;75;76;77;8"
"DB01076","4;47;48;49;6;73;75;77;9"
"DB01077","24;49;70;75"
"DB01078","25;49;54;58;67;70;73;75;82"
"DB01080","16;32;49;70;75"
"DB01081","16;32;33;39;49;54;60;64;65;69;70;75;8"
"DB01082","21;24;40;49;57;7;70;72;73;75"
"DB01083","6;67;75"
"DB01084","70;76"
"DB01085","11;4;47;49;73;75"
"DB01086","16;32;49;73;77;8"
"DB01087","20;33;4;47;49;73;75;77"
"DB01088","30;49;53;6;60;70"
"DB01089","10;37;60;70"
"DB01090","10;2;37;39;49;59;60;70;73;85"
"DB01091","13;47;49;67;70;73;75"
"DB01092","25;49;54;58;67;70;73;75;82"
"DB01093","47;49;70;73;77"
"DB01094","47;73;75"
"DB01095","4;47;48;49;6;73;75;77;80"
"DB01096","73;75;77"
"DB01097","11;27;29;34;37;4;47;49;57;58;6;66;68;70;72;73;75;77"
"DB01098","4;47;48;49;6;73;75;80"
"DB01099","13;47;49;67;70;73;75;77"
"DB01100","16;20;32;33;35;36;4;47;49;61;70;73;75;77;8;82"
"DB01101","15;34;47;49;58;73;77"
"DB01102","14;49;5;70;71;83;85"
"DB01103","15;33;4;47;49;58;73;75;77"
"DB01104","11;20;27;4;45;47;49;53;55;6;64;66;70;73;75;77;9"
"DB01105","4;47;73;75"
"DB01106","16;32;49;70;76;8"
"DB01107","47;73"
"DB01108","15;49;58"
"DB01110","11;13;4;47;49;67;70;73;75;77;9"
"DB01111","21;57"
"DB01112","6;67;70;73;75"
"DB01113","30;33;49;60"
"DB01114","16;32;4;47;49;64;70;73;75;76;77;8;82"
"DB01115","21;30;37;4;47;49;60;70;73;75;77"
"DB01116","10;2;37;39;49;59;60;70;73;85"
"DB01117","33;49;73;75"
"DB01118","11;20;3;30;33;4;47;49;54;6;60;67;70;73;75;77;80;82"
"DB01119","10;37;49;60;70;75"
"DB01120","4;43;47;49;50;6;70;73;75;8;9"
"DB01121","70;75"
"DB01122","17;49;54;70;73"
"DB01124","4;43;47;49;50;6;70;73;75;8;9"
"DB01126","4;47;73;75"
"DB01127","13;33;47;49;67;70;73;75"
"DB01128","15;4;47;49;58;70;73;75;77"
"DB01129","11;18;4;47;49;67;70;73;75;77"
"DB01130","22;3;49;6;67;70;73;74;75;78;83"
"DB01131","33;4;47;49;6;73;75;77"
"DB01132","4;47;50;70;73;75;77;8;9"
"DB01133","24;49;70;73;75"
"DB01135","17;21;40;82"
"DB01136","10;19;25;30;37;4;46;47;49;5;54;60;70;73;75;77;9"
"DB01137","15;20;27;33;47;49;58;6;67;70;73;75;77;9"
"DB01138","4;47;49;6;72;73;75"
"DB01139","6;70;73"
"DB01140","6;70;73"
"DB01141","13;47;49;67;70;73;75"
"DB01142","16;18;20;27;30;32;35;37;4;47;49;6;60;64;67;70;73;75;76;77;8;82;84"
"DB01143","30;49;60"
"DB01144","30;49;60;70;72;73;75"
"DB01147","11;12;70;73;75"
"DB01149","11;27;4;45;47;49;53;55;6;64;66;70;73;75;77;9"
"DB01150","70"
"DB01151","11;16;20;23;27;30;32;35;37;4;47;49;6;60;64;70;73;75;77;8;82;84"
"DB01153","13;33;47;49;67;70;73;75"
"DB01154","16;30;32;4;47;49;60;70;73;75;8"
"DB01155","15;20;27;33;47;49;58;6;67;70;72;73;75;9"
"DB01156","11;4;45;47;49;64;70;73;75;77"
"DB01157","13;15;47;49;58;67;70;73;75"
"DB01158","10;30;37;49;54;60;70"
"DB01159","16;21;30;32;4;47;49;60;71;73;75;8;82"
"DB01160","49;70"
"DB01161","16;32;49;8"
"DB01162","10;30;49;5;60;73;77"
"DB01164","49;67;70;72;75;82"
"DB01165","15;20;49;58;70"
"DB01166","33;4;47;49;53;6;60;73;75"
"DB01167","11;13;20;47;49;67;70;73;75;77"
"DB01168","15;2;27;30;31;34;41;44;47;49;58;60;64;71;73;8;9"
"DB01169","15;20;30;33;49;58;60;70;73;75"
"DB01170","10;37;60;70;75"
"DB01171","11;2;27;30;31;33;4;41;44;47;49;60;64;71;73;75;77;79;8;9"
"DB01172","21;24;40;49;57;7;70;72;73;75"
"DB01173","16;2;32;39;4;47;49;59;70;73;75"
"DB01174","11;16;30;32;4;47;49;60;70;73;75;77;80"
"DB01175","20;27;33;4;45;47;49;53;55;6;64;66;70;73;75;77;9"
"DB01176","16;32;49;70;76;8"
"DB01177","15;21;24;34;4;40;47;49;57;58;7;72;73;75;77"
"DB01178","16;32;49;70;8"
"DB01179","15;4;47;49;58;73;75"
"DB01180","10;37;49;57;60;63;68;70;73;75;82;86"
"DB01181","11;15;34;4;47;49;58;6;73;75;77"
"DB01182","20;25;47;49;54;73;75;77;82"
"DB01183","4;47;49;73;75"
"DB01184","20;33;4;47;49;73;75"
"DB01185","6;74;80;9"
"DB01186","19;25;37;4;47;49;62;70;71;73;75;77"
"DB01188","13;47;49;67;70;73;75"
"DB01189","16;20;21;30;32;49;60;71;8;82"
"DB01190","21;4;47;49;67;70;73;75"
"DB01191","11;47;73;75;77"
"DB01192","16;32;39;4;47;49;54;60;64;65;69;70;73;75;8"
"DB01193","10;14;19;25;30;37;46;47;49;54;60;70;71;73;75;77;85;9"
"DB01194","4;47;49;70;72;73;75"
"DB01195","20;33;47;49;73;75;77;82"
"DB01196","12;15;34;4;47;49;58;67;70;73;75;77;81"
"DB01197","10;30;37;4;47;49;57;60;63;68;70;73;75;77;82;86"
"DB01198","16;32;4;47;49;73;75;76;8"
"DB01199","17;2;21;39;40;49;54;59;70;73;82;85"
"DB01200","19;25;30;37;4;47;49;60;62;64;70;71;73;75;77;9"
"DB01201","11;4;49;70;73;75;77;80"
"DB01202","16;32;49;70;73;75"
"DB01203","10;19;25;30;37;46;47;49;54;60;70;73;75;9"
"DB01204","15;34;47;49;58;73;75;77"
"DB01205","16;49;70;73;76"
"DB01206","15;34;47;49;58;73;77"
"DB01207","49;53;6"
"DB01208","15;27;33;47;49;58;6;67;70;73;75;9"
"DB01209","16;32;33;39;49;54;60;64;65;69;70;75;8"
"DB01210","19;25;30;37;46;47;49;54;60;73;75;9"
"DB01211","11;20;47;49;63;70;73;75;77"
"DB01212","49;6;70;73"
"DB01213","11"
"DB01214","10;19;25;30;37;46;47;49;54;60;70;73;75;9"
"DB01215","16;32;4;47;49;70;73;75"
"DB01216","4;47;73;75"
"DB01217","15;49;58;70;73;75"
"DB01218","20;33;4;47;49;73;75;77"
"DB01219","16;21;32;4;47;49;73;75;8"
"DB01220","4;47;49;70;73;75;80"
"DB01221","16;32;4;47;49;73;75;77;8"
"DB01222","22;3;34;4;49;6;67;70;73;74;75;83"
"DB01223","14;4;47;49;60;70;73;75;77"
"DB01224","16;20;30;32;33;35;36;47;49;60;61;70;73;75;77;8;82"
"DB01226","17;21;22;40;49;82"
"DB01227","16;32;33;39;4;47;49;54;60;64;65;69;70;73;75;8"
"DB01228","47;73"
"DB01229","15;30;34;35;4;47;49;58;60;63;72;73;75;77"
"DB01232","11;20;4;47;49;70;73;75;77;82"
"DB01233","17;18;20;47;49;54;64;70;73;75;77"
"DB01234","11;15;22;28;3;34;47;49;58;6;67;70;73;74;75;77;81;83"
"DB01235","16;30;32;47;49;60;64;70;73;75;8"
"DB01236","16;20;21;30;32;33;4;47;49;53;6;60;71;73;75;8;82"
"DB01238","16;20;32;35;36;49;60;61;70;73;75;77;8;82"
"DB01239","16;32;33;35;36;49;61;70;73;77;8;82"
"DB01240","10;30;37;4;47;49;53;6;60;70;73;75"
"DB01241","11;4;47;48;49;57;6;67;70;73;75;77;9"
"DB01242","11;16;20;23;27;30;32;35;37;4;47;49;6;60;64;70;73;75;77;8;82;84"
"DB01243","13;47;49;67;70;73;75"
"DB01244","10;20;21;30;33;37;4;47;49;60;70;73;75;77;82"
"DB01245","17;21;40;49;54;70;73;82"
"DB01246","49;60;67;70;73;75;76"
"DB01247","2;27;30;31;33;41;44;47;49;60;64;71;73;79;8;9"
"DB01248","15;34;4;47;49;58;63;73;75"
"DB01249","49"
"DB01250","27;29;37;47;49;57;6;66;67;68;70;72;73;75;9"
"DB01251","43;47;49;50;6;70;73;75;8;9"
"DB01252","50;70;8;9"
"DB01253","19;4;47;49;62;64;71;73;75;77"
"DB01254","15;20;34;47;49;58;6;67;73;75;77;80"
"DB01255","23;45;49;61;69;70;71;72;75;76"
"DB01256","4;47;70;73;75"
"DB01259","15;20;4;47;49;58;73;75;77"
"DB01260","22;3;49;6;67;70;73;74;75;78;83"
"DB01261","4;47;49;50;70;73;75;8;9"
"DB01262","15;49;58"
"DB01263","11;13;20;4;47;49;67;70;73;75;77;9"
"DB01264","11;4;47;49;70;73;75;77"
"DB01267","16;20;25;32;33;35;36;37;49;61;70;73;75;8;82"
"DB01268","15;20;34;47;49;58;73;75;77;9"
"DB01273","49;73"
"DB01274","14;20;33;4;47;49;5;70;71;73;75;83;85"
"DB01275","10;30;37;49;60;70;73"
"DB01280","15;34;49;58"
"DB01282","30;49;60"
"DB01283","27;29;37;4;47;49;53;57;6;66;67;68;70;72;73;75;81"
"DB01284","80"
"DB01288","14;33;49;5;70;71;83;85"
"DB01289","43;47;49;6;73;75;9"
"DB01291","14;33;49;5;70;71;83;85"
"DB01294","75"
"DB01295","19;25;30;37;46;47;49;54;60;73;75;9"
"DB01296","4;47;53;6;73;75"
"DB01297","19;25;30;37;46;47;49;54;60;73;75;9"
"DB01298","49"
"DB01299","33;49;73"
"DB01301","49;70;73"
"DB01303","47;70;73;75"
"DB01319","11;4;47;49;70;73;75;77"
"DB01320","11;16;17;20;29;32;4;43;47;49;6;70;73;75;77"
"DB01321","20;33;47;49;70;73"
"DB01324","10;20;30;37;49;51;55;56;57;60;67;70;72;73;82;83;86"
"DB01325","20;30;49;51;55;56;57;60;67;70;72;73;82;83;86"
"DB01326","6;70;73"
"DB01327","43;6;70;73"
"DB01328","6;70;73"
"DB01329","6;70;73"
"DB01330","49;6;70;73"
"DB01331","6;70;73"
"DB01332","6;70;73"
"DB01333","6;70;73;75"
"DB01336","17;21;40;82"
"DB01337","17;2;21;39;40;49;59;70;73;82;85"
"DB01338","17;2;21;39;40;49;59;70;73;82;85"
"DB01339","17;2;21;39;40;49;59;70;73;75;82;85"
"DB01340","10;30;37;4;47;49;57;60;63;68;70;73;75;77;82;86"
"DB01345","49;56;57;70"
"DB01348","10;37;4;47;49;57;60;63;68;70;73;75;82;86"
"DB01349","4;47;49;57;68;73;75;82"
"DB01351","16;30;32;4;47;49;60;70;73;75;8"
"DB01353","16;32;49;8"
"DB01355","16;30;32;4;47;49;60;70;73;75;8"
"DB01356","16;20;21;32;33;35;49;61;64;65;70;72;73;75;8;82"
"DB01357","12;28;4;47;49;70;73;75;81"
"DB01359","10;14;19;25;30;37;46;47;49;54;60;70;73;75;9"
"DB01362","49"
"DB01364","49;5;70;71;82;85"
"DB01365","45;49;5;61;69;70;71;72;75;76;84;85"
"DB01366","14;33;49;5;70;71;83;85"
"DB01367","2;27;30;31;41;44;47;49;60;64;71;73;75;79;8;9"
"DB01369","49;70;73"
"DB01370","18;3;49;67;70;72;73;75"
"DB01377","16;18;21;3;49;67;70;72;73;75"
"DB01378","75"
"DB01380","11;22;3;34;4;47;49;6;67;70;73;74;75;83"
"DB01384","22;3;4;47;49;6;67;70;73;74;75;83"
"DB01390","18;3;49;65;67;70;72;73;75"
"DB01392","37;4;47;70;73;75;77"
"DB01393","4;47;48;49;57;6;67;70;73;75;9"
"DB01394","4;48;49;58;70;73;75;77"
"DB01395","11;12;49;56;57;68;70;73;75;81"
"DB01396","25;4;47;49;54;58;67;70;73;75;82"
"DB01397","16;21;29;37;49;57;6;66;67;68;70;72;73;75"
"DB01399","27;29;37;49;57;6;66;67;68;70;72;73"
"DB01400","17;49;54;70;73;77"
"DB01401","27;29;37;49;57;6;66;67;68;70;72;73"
"DB01403","16;20;32;33;47;49;60;61;67;70;73;77;82"
"DB01406","47;49;51;6;70;73;74;80"
"DB01407","14;47;49;5;70;71;73;75;83;85"
"DB01408","14;49;70;8;83;85"
"DB01409","2;39;4;47;49;59;70;73;75;85"
"DB01410","22;3;4;47;49;6;67;70;73;74;75;83"
"DB01411","70;73"
"DB01412","47;49;56;57;70;73;75"
"DB01413","70"
"DB01414","6;70;73"
"DB01415","70"
"DB01416","6;67;70;73;75"
"DB01418","12;4;47;49;6;66;67;70;73;75"
"DB01420","47;49;6;70;74;80;9"
"DB01421","21;24;40;49;57;7;70;72;73;75"
"DB01422","13;47;49;67;70;73;75"
"DB01423","34;49"
"DB01424","4;47;73;75"
"DB01426","20;47;73;77;82"
"DB01427","21;4;47;49;60;70;73;75"
"DB01429","47;73"
"DB01431","4;47;70;73;75"
"DB01433","16;32;33;39;49;54;60;64;65;69;70;75;8"
"DB01435","27;29;37;4;47;49;57;6;66;67;68;70;72;73;75;77"
"DB01436","73"
"DB01437","16;32;4;49;8"
"DB01438","49"
"DB01440","16;32;49;8"
"DB01452","16;32;33;39;49;54;60;64;65;69;70;75;8"
"DB01463","16;32;33;35;36;49;61;70;8;82"
"DB01466","16;32;39;4;47;49;54;60;64;65;69;70;73;75;8"
"DB01489","16;49;70;73"
"DB01501","16;32;49;8"
"DB01511","16;49;70;73;75"
"DB01544","16;32;4;47;49;70;73;75;8"
"DB01545","16;32;49;70;8"
"DB01551","16;32;39;4;47;49;52;54;60;64;65;69;70;73;75;8"
"DB01553","70"
"DB01558","16;32;4;47;49;70;73;75;8"
"DB01559","4;47;49;70;73;75"
"DB01563","16;32;49;73;8"
"DB01567","16;32;49;70;73;75"
"DB01575","67;75"
"DB01576","18;23;45;47;49;61;69;70;71;72;73;75;76;77"
"DB01577","25;37;45;47;49;61;69;70;71;72;73;75;76;77;85"
"DB01578","21;24;40;49;57;7;72;73;75"
"DB01579","49"
"DB01580","10;14;16;19;25;30;32;37;46;47;49;54;60;70;73;75;77;8;9"
"DB01581","49;70"
"DB01582","49"
"DB01583","4;49;6;70;73;75;82"
"DB01586","67;70;72;75"
"DB01587","16;32;4;47;49;70;73;75;8"
"DB01588","16;32;4;47;49;70;73;75;8"
"DB01589","16;32;4;47;49;70;73;75;8"
"DB01590","34;49;58;70;73;75"
"DB01591","2;20;39;4;47;49;59;70;73;75;85"
"DB01592","49;57;67;75"
"DB01595","16;32;4;47;49;70;73;75;77;80"
"DB01597","4;47;49;70;73;75"
"DB01598","35;70;73;75"
"DB01599","33"
"DB01600","1;27;29;37;49;57;6;66;67;68;70;72;73"
"DB01601","11;20;33;4;47;49;57;70;73;75;77"
"DB01602","11;6;70;73;75"
"DB01603","11;6;70;73;75"
"DB01604","11;6;70;73;75"
"DB01605","11;6;70;73;75"
"DB01606","11;6;70;73;75"
"DB01607","11;6;70;73;75"
"DB01608","33;35;36;49;60;61;67;70;73;82"
"DB01609","49;70;73;75"
"DB01610","49;73"
"DB01611","33;47;49;73;75;77"
"DB01612","30;38;49;60"
"DB01613","38;49;60"
"DB01614","16;32;33;35;36;49;60;61;67;70;73;8;82"
"DB01615","16;32;33;35;36;49;60;61;67;70;73;8;82"
"DB01618","16;32;33;35;36;49;61;70;8;82"
"DB01619","70;76"
"DB01620","70;76"
"DB01621","16;32;35;36;4;47;49;61;70;73;75;77;8;82"
"DB01622","33;35;36;49;60;61;67;70;73;82"
"DB01623","16;20;32;35;36;47;49;61;70;73;75;77;8;82"
"DB01624","16;20;32;33;35;36;47;49;61;70;73;75;8;82"
"DB01626","10;2;27;30;31;37;41;44;47;49;60;64;70;71;73;79;8;9"
"DB01627","21;67;70;73"
"DB01628","27;29;37;4;47;49;53;57;6;66;67;68;70;72;73;75;77;81"
"DB01656","34;60;70;73;75;77"
"DB01685","47;49;73"
"DB01708","22;3;4;47;49;6;67;70;73;74;75;83"
"DB01764","49;70;73"
"DB01878","1"
"DB02187","22;3;49;6;67;70;73;74;75;78;83"
"DB02300","15;49;51;58;73;75"
"DB02513","13;47;49;67;70;73;75"
"DB02546","15;20;33;49;58;6;70"
"DB02638","10;33;37;60;70"
"DB02659","67;72;73;75"
"DB02701","49;73;77"
"DB02703","49;70;72;73"
"DB02709","15;27;29;37;47;49;53;57;58;6;66;67;68;70;72;73;75"
"DB02959","33"
"DB03128","47;49;73"
"DB03585","27;29;37;49;57;6;66;67;68;70;72;73"
"DB03615","21;24;40;49;57;7;70;72;73;75"
"DB03619","49"
"DB03754","18;3;49;67;70;72;73;75"
"DB03756","4;47;73;75"
"DB03793","13;47;49;67;70;73;75"
"DB03796","73;77"
"DB04272","12;49;6;66;70"
"DB04339","49"
"DB04398","73"
"DB04552","27;29;37;49;57;6;66;67;68;70;72;73"
"DB04570","70"
"DB04571","1"
"DB04572","15;34;4;47;49;58;73;75"
"DB04573","12;28;49;70;73;75;81"
"DB04574","12;22;3;4;47;49;6;70;73;74;75;81;83"
"DB04575","12;28;49;70;73;81"
"DB04576","15;27;33;47;49;58;6;67;73;75;9"
"DB04711","49"
"DB04743","21;27;29;37;4;47;49;53;57;6;60;66;67;68;70;72;73;75"
"DB04786","15;49;58;75"
"DB04794","13;33;47;49;67;70;73;75"
"DB04835","47;73;75"
"DB04839","15;49;58;70;73;75;77"
"DB04840","10;37;47;60;70;73;75"
"DB04841","16;21;32;4;47;49;60;70;73;75;76"
"DB04842","16;32;33;35;36;49;61;70;8;82"
"DB04844","16;20;32;33;47;49;73;8"
"DB04845","15;47;49;58;73;75"
"DB04846","10;14;19;25;30;37;4;46;47;49;54;60;70;71;73;75;83;85;9"
"DB04854","73;77"
"DB04855","11;20;25;33;47;49;54;70;73;75;77;82"
"DB04861","10;14;19;25;30;37;46;47;49;5;54;60;70;73;75;85;9"
"DB04865","15;49;58;66"
"DB04868","11;15;20;33;34;47;49;58;70;73;75;77"
"DB04871","11;4;47;49;64;70;73;75;77"
"DB04876","4;47;49;50;70;73;75;8;9"
"DB04878","50;70;8;9"
"DB04894","15;47;49;58;70;73;75"
"DB04896","27;33;37;45;47;49;53;55;64;66;70;73;85;9"
"DB04898","12;4;47;49;6;66;70;73;75"
"DB04908","16;32;49;60;73;75;8"
"DB04911","70;73;75"
"DB04918","6;70;73"
"DB04920","21;30;37;4;47;49;60;70;73;75"
"DB04930","4;47;73;75"
"DB04938","4;47;49;73;75;77"
"DB04946","16;20;32;33;35;36;4;47;49;61;70;73;75;77;8;82"
"DB04948","10;25;30;37;49;5;60;70;71;85"
"DB04951","15;27;29;34;37;49;57;58;6;66;67;68;70;72;73;75"
"DB04953","11;16;20;32;49;70;75"
"DB04967","75"
"DB05015","15;49;58;73;75"
"DB05039","14;20;4;47;49;70;73;75;83;85"
"DB05109","15;34;4;47;48;49;58;73;75;80"
"DB05219","47;73"
"DB05239","15;49;58;73;75"
"DB05245","49"
"DB05246","16;32;4;47;49;70;73;75"
"DB05260","15;34;49;58"
"DB05265","15;4;47;49;58;70;73;75"
"DB05266","49;53;6;60"
"DB05271","30;32;4;47;49;60;70;73;75;77"
"DB05294","15;20;33;47;49;58;73;75"
"DB05316","70"
"DB05351","11;18;4;47;67;70;73;75"
"DB05381","4;47;49;73;75;77"
"DB05521","11;47;49;73;75;77"
"DB05528","80"
"DB05541","4;47;70;73;75"
"DB05630","75"
"DB05676","27;29;34;37;47;49;57;6;60;66;67;68;70;72;73;75"
"DB05812","11;47;49;58;70;73;75"
"DB05990","73"
"DB06016","35;36;4;47;49;61;70;73;75;82"
"DB06144","16;32;35;36;4;47;49;61;70;73;75;8;82"
"DB06145","4;47;49;70;73;75"
"DB06147","49"
"DB06148","16;2;4;47;49;70;73;75;76;77"
"DB06150","49"
"DB06152","49;5;70;71;85"
"DB06153","16;2;32;33;49;8"
"DB06154","12;38;49;6;60;66;70"
"DB06155","4;47;73;75"
"DB06176","15;47;49;58;6;73;75"
"DB06193","15;49;58"
"DB06196","27;29;34;37;49;57;6;66;67;68;70;72;73"
"DB06201","49;70;73;75"
"DB06202","49"
"DB06203","4;47;49;50;70;73;75;8;9"
"DB06204","16;32;33;39;4;47;49;52;54;60;64;65;69;70;73;75;77"
"DB06206","6;70;75"
"DB06207","10;30;4;47;5;60;73;75"
"DB06209","11;26;4;47;49;53;6;73;75"
"DB06210","4;47;73;75"
"DB06211","73;75"
"DB06212","49;56;57;68;70;73;75;77"
"DB06213","49"
"DB06216","16;18;20;32;33;35;36;4;47;49;61;67;70;73;75;77;8;82"
"DB06217","47;73;77"
"DB06218","25;70;73;75"
"DB06228","12;4;47;49;6;66;70;73;75"
"DB06237","10;38;4;49;60;73;75"
"DB06243","15;49;58"
"DB06261","1"
"DB06262","25;37;49;5;70;71;83;85"
"DB06263","15;21;24;40;49;57;58;7;72;73;75"
"DB06264","47;73;75"
"DB06267","10;38;4;47;49;60;73;75"
"DB06268","10;37;4;47;49;60;70;73;75"
"DB06274","49"
"DB06282","16;32;4;47;49;70;73;75;76;8"
"DB06287","15;34;4;47;49;58;70;73;75;77"
"DB06288","16;32;33;35;36;49;61;70;8;82"
"DB06290","4;47;49;70;72;73;75;77"
"DB06292","30;4;47;49;60;73;75;9"
"DB06335","4;47;49;50;70;73;75;8;9"
"DB06401","49;75"
"DB06402","20;70"
"DB06403","10;37;4;47;60;70;73;75"
"DB06410","49;51;73;75;82"
"DB06412","49;6;73;74;77;80;9"
"DB06413","11;47;73;75"
"DB06414","11;4;47;73;75;77"
"DB06441","26;49;53;6"
"DB06480","73;75"
"DB06589","15;20;34;4;47;49;58;67;73;75;77;80"
"DB06594","16;32;33;49;73;8"
"DB06595","11;15;4;47;49;58;70;73;75;77"
"DB06603","11;20;34;47;49;58;73;75;82"
"DB06605","12;4;47;49;6;66;70;73;75"
"DB06616","15;49;58;73;75;77"
"DB06626","15;47;49;58;73;75"
"DB06636","11;47;49;73;75;77"
"DB06637","47;73;75"
"DB06654","4;47;64;73;75"
"DB06663","20;25;47;54;70;73;75;9"
"DB06684","19;47;49;64;71;73;75;77"
"DB06689","47;75"
"DB06690","16;21;32;49;71;8;82"
"DB06691","70;73;76;77"
"DB06694","10;21;25;37;4;47;49;60;70;73;75"
"DB06695","11;12;4;47;49;6;66;70;73;75;77"
"DB06696","21;24;40;49;57;7;72;73;75"
"DB06697","11;13;20;33;4;47;49;67;70;73;75;77"
"DB06698","70;73"
"DB06699","15;20;49;58"
"DB06700","27;37;4;45;47;49;53;55;64;66;70;73;75;85;9"
"DB06701","18;45;47;49;71;73;77"
"DB06702","16;2;39;4;47;49;59;70;73;75;77;85"
"DB06704","15;49;58;70"
"DB06706","49"
"DB06707","25;37;70;71"
"DB06708","11;20;33;4;47;49;70;73;75;77"
"DB06709","46;49"
"DB06710","15;4;47;49;58;6;73;74;75;80;9"
"DB06711","25;37;5;70;71;85"
"DB06712","10;11;21;30;37;4;47;49;60;70;73;75"
"DB06713","11;12;70;73;75;81"
"DB06715","12;70;73"
"DB06716","16;32;49;8"
"DB06717","11;49;73;75"
"DB06718","6;74;80;9"
"DB06723","18;3;49;67;70;72;73;75"
"DB06724","18;3;49;67;70;72;73;75"
"DB06725","27;29;37;4;47;49;57;6;66;67;68;70;72;73;75"
"DB06729","11;49;73;77"
"DB06730","11;12;70;73;75;81"
"DB06736","27;29;37;4;47;49;57;6;66;67;68;70;72;73;75"
"DB06737","27;29;37;4;47;49;57;6;66;67;68;70;72;73;75"
"DB06738","16;32;39;4;47;49;54;60;64;65;69;70;73;75;8"
"DB06739","11;27;29;37;4;47;49;57;6;66;67;68;70;72;73;75"
"DB06742","4;47;49;73;75"
"DB06764","49;70;71;85"
"DB06766","70;76"
"DB06767","49;65;73;75"
"DB06769","15;47;49;58;73;75"
"DB06770","16;32;4;47;49;73;75;8"
"DB06771","15;49;58;70"
"DB06772","15;34;4;47;49;58;63;73;75;77"
"DB06774","47;49;73;75"
"DB06777","4;47;70;73;75"
"DB06781","22;3;49;6;67;70;73;74;75;78;83"
"DB06782","57"
"DB06786","22;3;49;6;67;70;73;74;75;78;83"
"DB06788","20;70"
"DB06789","15;4;47;49;58;70;73;75"
"DB06791","15;25;47;49;54;58;70;73;75;9"
"DB06792","75"
"DB06794","70;76"
"DB06795","49"
"DB06799","49;70;73;75"
"DB06800","49;73;77"
"DB06802","27;29;37;49;57;6;66;67;68;70;72;73"
"DB06803","4;47;73;75"
"DB06804","70"
"DB06810","15;21;24;40;49;57;58;7;72;73;75"
"DB06813","15;34;49;58;73;75"
"DB06816","75"
"DB06817","48;73;75"
"DB06819","15;49;58;70;73;77"
"DB06820","13;33;47;49;67;70;73;75;77"
"DB06824","67;75"
"DB06825","15;20;49;58;70"
"DB06826","10;37;60;70"
"DB06827","70"
"DB07615","21;27;29;37;4;47;49;53;57;6;60;66;67;68;70;72;73;75;76"
"DB08439","27;29;37;4;47;49;53;57;6;66;67;68;70;72;73;75;81"
"DB08795","11;6;70;73;75"
"DB08796","49"
"DB08797","27;29;37;49;57;6;66;67;68;70;72;73"
"DB08798","4;47;49;73;75"
"DB08799","70;76"
"DB08800","70;76"
"DB08801","70;76"
"DB08802","70;76"
"DB08804","6;74;80;9"
"DB08806","18;67;70;73;75;76"
"DB08807","14;19;25;30;37;46;47;49;54;60;73;75;9"
"DB08808","10;14;19;25;30;37;46;47;49;54;60;70;73;75;9"
"DB08811","33;49;70;73"
"DB08814","49;53;6"
"DB08815","16;20;32;35;36;49;60;61;70;73;75;8;82"
"DB08816","11;47;49;53;6;73;75;77"
"DB08819","70"
"DB08820","49;73;75;77"
"DB08822","30;49;57;60;68;73;82"
"DB08824","45"
"DB08826","75"
"DB08827","4;49;67;73;75;77;80"
"DB08828","15;4;47;49;58;73;75"
"DB08860","4;47;48;49;6;73;75;80"
"DB08864","20;49;73;75"
"DB08865","11;15;20;25;47;49;54;58;73;75;77"
"DB08867","47;70;73;75"
"DB08868","20;25;34;4;47;49;54;73;75;77;82"
"DB08869","11"
"DB08871","15;20;49;58"
"DB08872","16;32;49;8"
"DB08873","11;47;49;73;75;77"
"DB08874","49;70;73;75;77"
"DB08875","15;4;47;49;58;73;75"
"DB08877","15;34;4;47;49;54;58;73;75"
"DB08880","27;29;34;37;47;49;57;6;66;68;70;72;73;75"
"DB08881","20;33;4;47;58;73;75"
"DB08882","4;47;49;50;70;73;75;8;9"
"DB08883","16;32;47;49;70;73;75"
"DB08884","73"
"DB08887","49;53;6"
"DB08889","15;49;58;73;75"
"DB08893","11;20;37;4;47;49;5;70;71;73;75;77;85"
"DB08895","34;47;49;54;73;75"
"DB08896","15;47;49;54;58;73;75;77"
"DB08897","2;39;49;59;70;73;85"
"DB08899","11;47;58;73;75;77"
"DB08901","15;4;47;49;58;72;73;75;77"
"DB08903","20;47;70;73;75;80"
"DB08905","15;22;3;49;58;6;67;70;73;74;75;78;83"
"DB08906","22;3;4;47;49;6;67;70;73;74;75;83"
"DB08907","30;4;47;49;50;60;68;70;73;75;77;8;9"
"DB08908","34;49"
"DB08909","49;70;73;77"
"DB08910","15;16;32;34;4;47;49;58;73;75;8"
"DB08911","15;49;58;73;75"
"DB08912","20;4;47;49;58;70;73;75"
"DB08913","15;49;58"
"DB08916","49;58;73;75;77"
"DB08918","18;27;37;4;45;47;49;53;55;64;66;70;73;75;85;9"
"DB08922","16;32;35;36;4;47;49;61;70;73;75;8;82"
"DB08930","73;75"
"DB08931","10;30;37;4;47;49;60;70;73;75"
"DB08932","10;37;47;60;70;73;75"
"DB08933","11;49;73"
"DB08934","54;73;75"
"DB08938","18;3;49;67;70;72;73;75"
"DB08941","30;49;5;60;70;71;85"
"DB08943","13;33;47;49;67;70;73;75"
"DB08947","49"
"DB08954","49;53;6;70;75"
"DB08957","33;5;71;85"
"DB08958","13;47;49;67;70;73;75"
"DB08964","70"
"DB08965","70"
"DB08967","70;76"
"DB08970","22;3;49;6;67;70;73;74;75;78;83"
"DB08971","22;3;49;6;67;70;73;74;75;78;83"
"DB08974","75"
"DB08976","27;29;37;49;57;6;66;67;68;70;72;73"
"DB08981","27;29;37;49;57;6;66;67;68;70;72;73"
"DB08983","48;57;6;67;70;9"
"DB08984","27;29;37;49;57;6;66;67;68;70;72;73"
"DB08987","16;32;49;8"
"DB08991","27;29;37;49;57;6;66;67;68;70;72;73"
"DB08992","21;4;47;49;60;70;73;75"
"DB08993","70"
"DB08994","49;6"
"DB08996","33"
"DB09000","1;33;35;36;49;61;70;82"
"DB09008","6;70;73"
"DB09009","16;32;49;70;8"
"DB09014","70"
"DB09015","49;56;57;70"
"DB09016","33"
"DB09017","16;32;49;8"
"DB09018","49"
"DB09020","70"
"DB09021","70"
"DB09026","10;30;37;4;47;49;60;68;70;73;75"
"DB09027","73;75"
"DB09030","49;53;6;73;75"
"DB09031","13;15;47;49;58;67;70;73;75"
"DB09034","16;32;49;73;75;76"
"DB09038","30;49;50;60;70;8;9"
"DB09039","11;20;33;47;70;73;75;77"
"DB09040","13;33;47;49;67;70;73;75"
"DB09041","13;47;49;67;70;73;75"
"DB09042","49;64;70;71"
"DB09047","70"
"DB09048","4;47;49;73;75"
"DB09049","49;73;75;77"
"DB09053","15;34;47;49;53;58;73;75"
"DB09054","11;15;34;47;49;58;73;75;77"
"DB09055","48"
"DB09060","70;73"
"DB09061","75"
"DB09063","20;25;49;54;58;70;73;75;77;78"
"DB09065","11;47;49;70;73;75;77"
"DB09067","70"
"DB09068","16;19;32;4;47;49;64;70;71;73;75;8"
"DB09069","49"
"DB09070","10;15;28;37;49;58;6;60;70;73;81"
"DB09071","16;32;49;73;75;76;8"
"DB09072","16;32;49;73"
"DB09073","34;47;49;58;73;75"
"DB09074","11;15;47;49;58;73;75"
"DB09075","12;49;6;66;70;73;75"
"DB09076","2;39;47;49;59;70;73;75;85"
"DB09078","15;20;4;47;49;58;73;75"
"DB09079","15;49;58;73;75"
"DB09080","14;20;4;47;49;5;70;71;73;75;83;85"
"DB09082","14;20;34;4;47;49;70;73;75;83;85"
"DB09083","20;25;54;73;75;82"
"DB09084","27;29;37;49;57;6;66;67;68;70;72;73"
"DB09085","16;32;49;8"
"DB09087","75"
"DB09090","21;4;47;49;60;70;73;75"
"DB09091","22;3;49;6;67;70;73;74;75;78;83"
"DB09093","21;49;6;67;70;75;80"
"DB09094","15;49;58"
"DB09095","22;3;49;6;67;70;73;74;75;78;83"
"DB09096","49"
"DB09097","70"
"DB09099","47;49;70;73;75"
"DB09101","4;47;73;75;77"
"DB09102","47;54;73;75;77"
"DB09104","16;18;21;3;49;67;70;72;73;75"
"DB09112","30;49;60"
"DB09117","16;32;49;70;73;75"
"DB09118","16;32;47;49;70;73;75"
"DB09119","11;47;49;70;73;75"
"DB09120","11;47;49;73;77"
"DB09123","11;12;15;4;47;49;58;70;73;75;81"
"DB09124","15;49;58;70"
"DB09125","18;49;56;57;70"
"DB09128","16;32;35;36;49;61;70;73;75;8;82"
"DB09130","75"
"DB09134","49"
"DB09135","49"
"DB09137","73"
"DB09138","24;49;70;75"
"DB09143","15;49;58;73;75"
"DB09146","57;67;75"
"DB09147","57;67;75"
"DB09153","49;65"
"DB09154","18;66"
"DB09156","49"
"DB09161","73;75"
"DB09162","57;67;75"
"DB09166","16;32;4;47;49;70;73;75;8"
"DB09167","11;20;23;27;30;33;35;37;4;47;49;6;60;64;70;73;77;82;84"
"DB09183","4;47;73;75"
"DB09185","33"
"DB09198","11;47;73"
"DB09204","19;25;30;37;46;47;49;54;60;73;75;9"
"DB09209","64"
"DB09210","49"
"DB09211","49;53;70"
"DB09212","27;29;37;49;57;6;66;67;68;70;72;73"
"DB09214","49;70;73"
"DB09215","27;29;37;49;57;6;66;67;68;70;72;73"
"DB09216","21;27;29;37;4;47;49;57;6;60;66;67;68;70;72;73;75"
"DB09218","27;29;37;49;57;6;66;67;68;70;72;73"
"DB09220","10;37;49;60;68;70"
"DB09221","75"
"DB09223","70"
"DB09224","16;32;33;35;36;49;61;70;8;82"
"DB09225","16;32;33;35;36;49;61;70;8;82"
"DB09227","21;30;4;47;49;60;70;73;75"
"DB09230","21;4;47;49;60;70;73;75"
"DB09231","21;4;47;49;60;70;73;75"
"DB09232","21;30;4;47;49;60;70;73;75"
"DB09235","10;21;30;37;4;47;49;56;57;60;70;73;75"
"DB09236","10;21;30;37;4;47;49;60;70;73;75"
"DB09238","10;11;21;37;4;47;49;60;70;73;75;77"
"DB09241","2;27;30;31;41;44;47;49;60;64;67;71;73;8;9"
"DB09242","10;25;30;37;49;60;70"
"DB09244","15;2;27;30;31;33;41;44;47;49;58;60;64;71;73;79;8;9"
"DB09245","2;27;30;31;33;41;44;47;49;60;64;71;73;79;8;9"
"DB09256","11;15;4;49;58;70;73;77"
"DB09257","73;77"
"DB09262","4;47;73;75"
"DB09265","67"
"DB09267","75"
"DB09268","70"
"DB09269","15;49;58;70;73"
"DB09270","12;4;47;48;49;70;73;75;8;80"
"DB09272","39;49;73"
"DB09273","49;60;73;75"
"DB09274","11;33;49;73"
"DB09275","18;3;49;67;70;72;73;75"
"DB09276","49"
"DB09277","70"
"DB09278","11;75"
"DB09279","30;49;57;60;68;73;82"
"DB09280","11;4;73;75;77"
"DB09281","18;3;49;67;70;72;73;75"
"DB09282","60"
"DB09283","49;53;6"
"DB09285","49"
"DB09286","16;30;32;33;35;36;49;60;61;70;8;82"
"DB09288","11;27;29;37;4;49;57;6;66;67;68;70;72;73;77;80"
"DB09289","20;23;27;30;33;35;37;4;47;49;6;60;64;70;73;82;84"
"DB09290","39"
"DB09291","11;47;70;73;75;77"
"DB09292","30;49;57;60;68;73;82"
"DB09293","70"
"DB09295","49"
"DB09296","4;47;73;75"
"DB09297","4;47;73;75"
"DB09300","2;39;49;59;70;73;85"
"DB09320","11;6;70;72;73;75"
"DB09321","75"
"DB09322","75"
"DB09323","11;6;70;72;73;75"
"DB09324","11;6;70;73;75"
"DB09330","15;58;73;75"
"DB09338","49;56;57;70"
"DB09342","16;32;49;8"
"DB09343","70;73"
"DB09345","16;32;49;8"
"DB09352","23;45;49;61;69;70;71;72;75;76;85"
"DB09389","11;12;4;47;70;73;75;81"
"DB09396","4;47;73;75;77"
"DB09414","67;75"
"DB09449","49;57;67;75"
"DB09462","73;77"
"DB09477","10;30;37;4;47;49;57;60;63;68;70;73;75;82;86"
"DB09488","70;76"
"DB09499","70"
"DB09516","15;49;58"
"DB09536","1"
"DB09543","29;37;49;6;70;73;9"
"DB09555","4;47;70;73;75;76"
"DB09561","67;75"
"DB09570","15;4;47;49;58;70;73;75"
"DB11079","29;37;49;6;70;73;9"
"DB11093","49;67;70;72;75;82"
"DB11106","49;56;57;70"
"DB11121","75"
"DB11126","49;67;70;72;75;82"
"DB11135","75"
"DB11136","75"
"DB11148","16;32;49;8"
"DB11156","17;21;40;75;82"
"DB11231","15;49;58"
"DB11235","70;76"
"DB11239","75"
"DB11254","75"
"DB11256","11;70;75"
"DB11268","12;49;6;66;70"
"DB11304","16;32;49;8"
"DB11315","2;39;49;59;70;73;85"
"DB11342","75"
"DB11348","49;67;70;72;75;82"
"DB11362","10;37;4;47;49;6;60;70;73;75"
"DB11363","15;49;58;73;77"
"DB11560","4;47;73;75"
"DB11574","4;47;49;73;75"
"DB11575","4;47;73;75"
"DB11581","15;4;47;49;58;73;75"
"DB11586","4;47;49;70;73;75"
"DB11596","49;70;75"
"DB11609","16;32;33;39;49;54;60;64;65;69;70;75;8"
"DB11610","70"
"DB11613","4;47;73;75;77"
"DB11614","4;47;73;75"
"DB11619","70"
"DB11630","1;15;49;58"
"DB11633","33;49"
"DB11636","70"
"DB11641","15;49;58;73"
"DB11660","70"
"DB11691","49"
"DB11699","33;52;60;64"
"DB11730","33;73;75"
"DB11737","4;47;73;75"
"DB11793","15;49;58"
"DB11817","4;47;73;75"
"DB11828","4;47;73;75"
"DB11915","4;47;73;75"
"DB11921","22;3;34;4;47;49;6;67;70;73;74;75;83"
"DB11943","73;75"
"DB11989","34;49"
"DB11994","73;77"
"DB12001","47;49;73;75;77"
"DB12026","4;47;73;75;77"
"DB12070","47;72;73;75;77"
"DB12161","4;47;73;75"
"DB12267","4;47;73;75"
"DB12278","2;39;49;59;70;73;85"
"DB12332","11;15;4;47;49;58;70;73;75;77"
"DB12364","66"
"DB12483","4;47;73;75"
"DB12532","16;32;49;70;8"
"DB12598","12;27;29;34;37;4;47;49;57;6;66;67;68;70;72;73;75"
"DB12924","70"
"DB13025","16;32;33;35;36;49;61;70;8;82"
"DB13139","14;49;70;73;77;83;85"
"DB13142","49;67;70;72;75;82"
"DB13145","15;49;58;63;75"
"DB13146","73;75"
"DB13153","73"
"DB13158","22;3;49;6;67;70;73;74;75;78;83"
"DB13167","27;29;37;49;57;6;66;67;68;70;72;73"
"DB13179","11;4;47;49;70;73;75;77"
"DB13231","49;67;70;72;75;82"
"DB13323","16;21;32;49;71;8;82"
"DB13450","17;21;40;82"
"DB13595","18;3;49;67;70;72;73;75"
"DB13747","70"
"DB13783","27;37;49;57;65;66;67;70;72;73"
"DB13872","16;32;49;70;73;8"
"DB13873","48;57;6;67;70;9"
"DB13874","4;47;49;73;75;77"
"DB13878","73;75;77"
"DB13879","73;75;77"
"DB13925","70"
