Drug1_ID,Drug2_ID,True_Label,Predicted_Label,Prediction_Score,Correct
DB00541,DB13179,1.0,1,0.5926408,1
DB00163,DB00974,1.0,1,0.5528795,1
DB01029,DB08941,1.0,1,0.5148394,1
DB00539,DB00927,1.0,1,0.59963655,1
DB00696,DB01587,1.0,0,0.47774658,0
DB00514,DB00601,1.0,1,0.56286085,1
DB01418,DB09289,1.0,1,0.5527015,1
DB00944,DB09095,1.0,1,0.5773504,1
DB00904,DB01001,1.0,1,0.50358546,1
DB00246,DB01410,1.0,0,0.47119954,0
DB00358,DB00838,1.0,1,0.52395725,1
DB00169,DB01058,1.0,0,0.49744794,0
DB00390,DB06626,1.0,1,0.57370657,1
DB00467,DB09268,1.0,0,0.46230277,0
DB00435,DB00790,1.0,0,0.41074905,0
DB01014,DB01207,1.0,1,0.51677376,1
DB00232,DB00983,1.0,1,0.51994175,1
DB00396,DB08934,1.0,1,0.5128619,1
DB00486,DB01017,1.0,1,0.5260511,1
DB00958,DB01092,1.0,1,0.50007874,1
DB00490,DB01392,1.0,1,0.5007643,1
DB00390,DB01006,1.0,1,0.53786564,1
DB01234,DB04876,1.0,1,0.51855326,1
DB00315,DB00601,1.0,0,0.46735734,0
DB00321,DB00682,1.0,1,0.53285384,1
DB00859,DB09275,1.0,1,0.5141187,1
DB00549,DB01120,1.0,1,0.5427177,1
DB03754,DB06824,1.0,1,0.5514053,1
DB01107,DB06603,1.0,1,0.5200622,1
DB00361,DB00496,1.0,1,0.5504016,1
DB00715,DB06739,1.0,0,0.43940228,0
DB00661,DB09104,1.0,1,0.5260937,1
DB00757,DB01184,1.0,1,0.59687686,1
DB00257,DB09076,1.0,1,0.5156253,1
DB00870,DB06595,1.0,1,0.5569879,1
DB00757,DB00934,1.0,0,0.47008228,0
DB01030,DB01054,1.0,0,0.45041382,0
DB00393,DB00418,1.0,1,0.5335652,1
DB08806,DB09352,1.0,1,0.58487433,1
DB00233,DB00912,1.0,1,0.5790969,1
DB00222,DB06700,1.0,1,0.5432108,1
DB00205,DB00531,1.0,1,0.5690266,1
DB00720,DB09275,1.0,1,0.5017347,1
DB01015,DB06772,1.0,0,0.41897473,0
DB01355,DB08992,1.0,0,0.41419235,0
DB00661,DB09112,1.0,1,0.5064242,1
DB00960,DB01251,1.0,1,0.5758362,1
DB00315,DB09241,1.0,0,0.43668947,0
DB00400,DB00898,1.0,0,0.497715,0
DB00905,DB00945,1.0,1,0.56374246,1
DB06207,DB08807,1.0,0,0.45192343,0
DB00211,DB00816,1.0,1,0.54950976,1
DB00238,DB06789,1.0,1,0.5545352,1
DB00422,DB00496,1.0,1,0.5889674,1
DB08981,DB09204,1.0,1,0.5744318,1
DB01197,DB01592,1.0,0,0.42452806,0
DB00523,DB01229,1.0,1,0.53708196,1
DB00436,DB13142,1.0,1,0.59902525,1
DB00220,DB09095,1.0,0,0.4439056,0
DB06702,DB09120,1.0,0,0.46516794,0
DB00751,DB00975,1.0,0,0.4706005,0
DB00568,DB01157,1.0,1,0.557592,1
DB00633,DB00653,1.0,0,0.41361457,0
DB00701,DB09079,1.0,0,0.44095907,0
DB00251,DB01054,1.0,1,0.5778875,1
DB00636,DB00682,1.0,1,0.50725496,1
DB00308,DB01059,1.0,1,0.5123654,1
DB00631,DB00633,1.0,0,0.4208547,0
DB00989,DB06709,1.0,0,0.48048347,0
DB00136,DB08899,1.0,0,0.49892062,0
DB00278,DB00370,1.0,1,0.54796094,1
DB01016,DB06788,1.0,1,0.5965032,1
DB00243,DB01208,1.0,1,0.5905072,1
DB00850,DB01101,1.0,0,0.41937593,0
DB00353,DB00542,1.0,1,0.56682646,1
DB00663,DB09070,1.0,1,0.58150405,1
DB00646,DB09235,1.0,1,0.545927,1
DB00582,DB09091,1.0,1,0.5383018,1
DB00182,DB08801,1.0,0,0.44341162,0
DB00326,DB01396,1.0,0,0.41924682,0
DB00322,DB01240,1.0,0,0.4870713,0
DB00775,DB08887,1.0,1,0.57685876,1
DB00387,DB01062,1.0,0,0.46122044,0
DB01195,DB09083,1.0,0,0.41781288,0
DB00353,DB00759,1.0,0,0.4732359,0
DB01211,DB09091,1.0,0,0.46559054,0
DB01420,DB02187,1.0,1,0.5608783,1
DB00896,DB01233,1.0,1,0.54688424,1
DB03793,DB06786,1.0,0,0.4847971,0
DB00182,DB00656,1.0,1,0.56943685,1
DB00627,DB00679,1.0,0,0.4002599,0
DB06724,DB08912,1.0,1,0.52944624,1
DB00418,DB01183,1.0,0,0.48419106,0
DB08860,DB09227,1.0,1,0.5715083,1
DB00554,DB00613,1.0,0,0.41679633,0
DB01242,DB01408,1.0,1,0.5175561,1
DB00331,DB01380,1.0,0,0.42664927,0
DB00685,DB09267,1.0,0,0.44328532,0
DB00511,DB04845,1.0,1,0.57595575,1
DB00677,DB01116,1.0,1,0.59784466,1
DB00651,DB00779,1.0,0,0.42127964,0
DB00735,DB06712,1.0,1,0.5008859,1
DB00996,DB01356,1.0,1,0.515627,1
DB00223,DB06819,1.0,1,0.5299808,1
DB00232,DB00804,1.0,0,0.44049093,0
DB00880,DB01078,1.0,1,0.57754344,1
DB00335,DB00435,1.0,1,0.54756093,1
DB00305,DB00541,1.0,0,0.47213125,0
DB06800,DB09272,1.0,0,0.42493355,0
DB00575,DB04839,1.0,1,0.52804345,1
DB01041,DB01356,1.0,0,0.45445442,0
DB09000,DB09042,1.0,1,0.5085715,1
DB00641,DB00691,1.0,1,0.5668613,1
DB00238,DB08905,1.0,1,0.58883137,1
DB00182,DB00608,1.0,1,0.5772363,1
DB01202,DB06148,1.0,0,0.42260295,0
DB00491,DB09244,1.0,0,0.4931884,0
DB00266,DB01395,1.0,1,0.54456496,1
DB01044,DB01396,1.0,0,0.46057883,0
DB04839,DB06702,1.0,1,0.57537544,1
DB00839,DB01367,1.0,1,0.5387883,1
DB00489,DB01195,1.0,1,0.5136384,1
DB00850,DB01103,1.0,0,0.47133604,0
DB00804,DB01090,1.0,1,0.59842235,1
DB00188,DB00910,1.0,1,0.57503504,1
DB06684,DB11699,1.0,0,0.47531688,0
DB00346,DB06203,1.0,1,0.59135836,1
DB00829,DB00898,1.0,0,0.4094614,0
DB00742,DB01029,1.0,0,0.4297678,0
DB00869,DB09054,1.0,1,0.57840896,1
DB00975,DB01122,1.0,1,0.50674236,1
DB00166,DB00412,1.0,0,0.47060534,0
DB00246,DB01255,1.0,1,0.5124458,1
DB00655,DB09067,1.0,0,0.41777197,0
DB00811,DB00943,1.0,0,0.410446,0
DB00996,DB01422,1.0,1,0.55692786,1
DB00222,DB09244,1.0,0,0.42630312,0
DB00755,DB01101,1.0,0,0.41026434,0
DB00831,DB00898,1.0,0,0.4559222,0
DB00243,DB09296,1.0,1,0.5003298,1
DB04920,DB09220,1.0,1,0.57029,1
DB01427,DB11126,1.0,1,0.54192626,1
DB01234,DB09038,1.0,1,0.5248638,1
DB00613,DB09054,1.0,1,0.56238276,1
DB00523,DB09093,1.0,0,0.4154625,0
DB01168,DB01229,1.0,0,0.4269185,0
DB00280,DB06710,1.0,0,0.4379623,0
DB01232,DB09095,1.0,0,0.48614573,0
DB00784,DB01580,1.0,0,0.47049892,0
DB00196,DB08798,1.0,1,0.5515554,1
DB01356,DB01577,1.0,1,0.51849324,1
DB00780,DB00912,1.0,1,0.55361396,1
DB00353,DB00998,1.0,1,0.5519268,1
DB00241,DB09112,1.0,1,0.5157116,1
DB01076,DB01587,1.0,0,0.47543374,0
DB01010,DB01085,1.0,1,0.56185937,1
DB00370,DB01101,1.0,1,0.5377972,1
DB00908,DB00936,1.0,0,0.4165154,0
DB00944,DB01410,1.0,0,0.47567022,0
DB01384,DB06819,1.0,1,0.5380261,1
DB00191,DB09104,1.0,1,0.5214298,1
DB00830,DB01577,1.0,1,0.5327427,1
DB00559,DB01089,1.0,1,0.5641059,1
DB01255,DB01367,1.0,1,0.5936139,1
DB00880,DB13231,1.0,1,0.5610208,1
DB01260,DB09067,1.0,0,0.48270503,0
DB00703,DB08864,1.0,0,0.44381765,0
DB00491,DB00731,1.0,1,0.5749221,1
DB00778,DB00794,1.0,0,0.4444735,0
DB01355,DB01356,1.0,0,0.42535362,0
DB00324,DB06819,1.0,0,0.43814388,0
DB01088,DB01418,1.0,1,0.5819776,1
DB00273,DB00294,1.0,1,0.59691477,1
DB00575,DB09282,1.0,1,0.5892734,1
DB00472,DB09079,1.0,1,0.57424736,1
DB01029,DB01282,1.0,1,0.53932816,1
DB01013,DB09067,1.0,0,0.4956311,0
DB01319,DB06237,1.0,1,0.59876806,1
DB00758,DB00770,1.0,0,0.4248039,0
DB00326,DB08826,1.0,1,0.5852232,1
DB00881,DB00890,1.0,0,0.49118543,0
DB00974,DB09079,1.0,0,0.47031695,0
DB01261,DB11079,1.0,0,0.44889593,0
DB00908,DB11315,1.0,0,0.4720602,0
DB00877,DB06712,1.0,1,0.57841337,1
DB00674,DB02703,1.0,1,0.5072497,1
DB00240,DB09067,1.0,1,0.51059103,1
DB01366,DB01367,1.0,1,0.57063246,1
DB00353,DB00727,1.0,1,0.5174794,1
DB01177,DB09039,1.0,0,0.45728695,0
DB00307,DB01196,1.0,1,0.5399503,1
DB00611,DB00872,1.0,1,0.58045113,1
DB00768,DB04908,1.0,0,0.49442592,0
DB00604,DB00691,1.0,1,0.56607234,1
DB00285,DB06711,1.0,1,0.5124974,1
DB00136,DB06786,1.0,1,0.5636327,1
DB01174,DB09030,1.0,1,0.54328364,1
DB00968,DB00989,1.0,1,0.50783193,1
DB00731,DB06718,1.0,0,0.48076054,0
DB04844,DB06788,1.0,1,0.50743675,1
DB00334,DB09097,1.0,0,0.47068503,0
DB00875,DB08868,1.0,1,0.55342555,1
DB00593,DB01255,1.0,1,0.51924974,1
DB01182,DB01295,1.0,0,0.4510083,0
DB00353,DB04948,1.0,0,0.4211852,0
DB00749,DB00770,1.0,0,0.4513524,0
DB00273,DB09300,1.0,0,0.47379786,0
DB00273,DB01338,1.0,1,0.56651145,1
DB00482,DB09555,1.0,1,0.59859943,1
DB00187,DB06709,1.0,1,0.56266814,1
DB01289,DB09204,1.0,0,0.45856246,0
DB01162,DB01364,1.0,0,0.4820776,0
DB00418,DB00812,1.0,0,0.44395018,0
DB00502,DB00573,1.0,1,0.53966886,1
DB04839,DB06774,1.0,0,0.44217953,0
DB00184,DB00571,1.0,1,0.557695,1
DB00826,DB06694,1.0,0,0.420128,0
DB00278,DB00655,1.0,1,0.58422756,1
DB00978,DB05812,1.0,1,0.5643346,1
DB00503,DB00514,1.0,0,0.41446292,0
DB01224,DB06413,1.0,0,0.4111673,0
DB00226,DB11362,1.0,0,0.44806632,0
DB00195,DB08981,1.0,1,0.59543127,1
DB00530,DB00927,1.0,0,0.45005164,0
DB01340,DB09543,1.0,1,0.53595626,1
DB00280,DB01210,1.0,1,0.54309124,1
DB00491,DB00695,1.0,1,0.58958876,1
DB04861,DB09083,1.0,1,0.549476,1
DB00940,DB01273,1.0,1,0.57742614,1
DB00908,DB00940,1.0,0,0.46026435,0
DB01407,DB04839,1.0,0,0.4412302,0
DB00362,DB00364,1.0,1,0.5620284,1
DB00862,DB00875,1.0,1,0.5759479,1
DB00661,DB11079,1.0,1,0.5882133,1
DB01168,DB06698,1.0,0,0.46970537,0
DB00390,DB06819,1.0,0,0.47204337,0
DB00555,DB01422,1.0,1,0.57298845,1
DB00396,DB04898,1.0,0,0.415768,0
DB00297,DB00379,1.0,1,0.50093675,1
DB00253,DB06819,1.0,1,0.59773016,1
DB00163,DB09283,1.0,1,0.5320422,1
DB00970,DB09027,1.0,1,0.55543315,1
DB00675,DB01165,1.0,0,0.48242074,0
DB00449,DB01203,1.0,1,0.5758795,1
DB00877,DB01197,1.0,0,0.4045844,0
DB00661,DB01356,1.0,1,0.5064242,1
DB00223,DB00255,1.0,1,0.5804403,1
DB00243,DB00525,1.0,0,0.44640416,0
DB00943,DB01012,1.0,1,0.5668231,1
DB00201,DB00518,1.0,1,0.5250285,1
DB00232,DB00531,1.0,1,0.58391273,1
DB01016,DB06700,1.0,1,0.5558588,1
DB00476,DB01583,1.0,1,0.5661458,1
DB00422,DB00898,1.0,0,0.43753594,0
DB00596,DB06819,1.0,1,0.5383086,1
DB00284,DB01104,1.0,0,0.4719371,0
DB00897,DB00909,1.0,1,0.5305208,1
DB01029,DB03585,1.0,1,0.54638356,1
DB00555,DB01157,1.0,0,0.4773608,0
DB01708,DB05039,1.0,1,0.57871944,1
DB00883,DB02703,1.0,1,0.58558375,1
DB00839,DB00860,1.0,0,0.4130101,0
DB00232,DB01366,1.0,1,0.5908082,1
DB01193,DB03128,1.0,1,0.5024833,1
DB00864,DB01127,1.0,1,0.5364407,1
DB00193,DB09270,1.0,1,0.56582433,1
DB00295,DB05219,1.0,1,0.54701877,1
DB06413,DB06605,1.0,0,0.49069616,0
DB00866,DB01273,1.0,0,0.4306167,0
DB00726,DB01102,1.0,0,0.4709908,0
DB01034,DB04841,1.0,1,0.5286558,1
DB00398,DB06148,1.0,1,0.5765429,1
DB00749,DB01104,1.0,1,0.5868111,1
DB08820,DB09101,1.0,0,0.48253292,0
DB00622,DB02638,1.0,1,0.5650313,1
DB00334,DB00847,1.0,0,0.42962644,0
DB00392,DB01400,1.0,1,0.51302683,1
DB01188,DB01220,1.0,0,0.45538965,0
DB00675,DB09078,1.0,1,0.51884747,1
DB00990,DB01026,1.0,0,0.43802348,0
DB06212,DB13179,1.0,1,0.5561728,1
DB00897,DB04876,1.0,1,0.522974,1
DB01029,DB01065,1.0,1,0.5892871,1
DB00914,DB09009,1.0,0,0.45692638,0
DB01029,DB06694,1.0,0,0.48102117,0
DB00582,DB11560,1.0,0,0.44388473,0
DB00326,DB01023,1.0,1,0.54664224,1
DB00541,DB00790,1.0,1,0.5789183,1
DB00677,DB01013,1.0,0,0.47792253,0
DB06654,DB09291,1.0,1,0.58360314,1
DB00721,DB00898,1.0,1,0.59654516,1
DB00654,DB00797,1.0,1,0.56295776,1
DB01370,DB08860,1.0,1,0.59965765,1
DB00909,DB06148,1.0,1,0.55583394,1
DB01349,DB08899,1.0,1,0.5045698,1
DB00188,DB00772,1.0,1,0.53449214,1
DB00596,DB00783,1.0,1,0.51810926,1
DB00585,DB00937,1.0,1,0.54377687,1
DB00860,DB09067,1.0,1,0.5979391,1
DB00953,DB01253,1.0,1,0.51158285,1
DB00704,DB01466,1.0,0,0.41485748,0
DB01429,DB05812,1.0,1,0.5562542,1
DB00211,DB00867,1.0,0,0.47689426,0
DB01002,DB09292,1.0,0,0.4088675,0
DB00686,DB00977,1.0,1,0.51551896,1
DB00492,DB08938,1.0,0,0.42859644,0
DB00695,DB01396,1.0,1,0.5572305,1
DB00422,DB06595,1.0,0,0.46094626,0
DB00337,DB00691,1.0,1,0.57550853,1
DB00820,DB02703,1.0,1,0.51559246,1
DB00829,DB01356,1.0,0,0.4094614,0
DB01012,DB08868,1.0,1,0.5641179,1
DB00390,DB00665,1.0,1,0.5750545,1
DB00889,DB01591,1.0,1,0.5174996,1
DB01018,DB06791,1.0,0,0.49861884,0
DB01095,DB01128,1.0,0,0.4401544,0
DB01200,DB08909,1.0,0,0.44665956,0
DB00238,DB06786,1.0,1,0.55676776,1
DB01008,DB08868,1.0,0,0.46788144,0
DB00353,DB00629,1.0,0,0.42190352,0
DB00898,DB01367,1.0,0,0.4118194,0
DB06694,DB13142,1.0,1,0.5297487,1
DB00590,DB09027,1.0,1,0.50424296,1
DB00498,DB00916,1.0,1,0.50404465,1
DB00381,DB09270,1.0,1,0.51256835,1
DB00267,DB09268,1.0,1,0.5613863,1
DB00952,DB09241,1.0,0,0.41656625,0
DB00908,DB08943,1.0,1,0.5870202,1
DB00630,DB13231,1.0,0,0.45254686,0
DB00214,DB00252,1.0,0,0.4676909,0
DB00956,DB01337,1.0,1,0.53685987,1
DB01260,DB05039,1.0,1,0.541667,1
DB00596,DB09054,1.0,0,0.41252834,0
DB00390,DB09296,1.0,0,0.4063015,0
DB00331,DB01175,1.0,0,0.4352597,0
DB00323,DB04908,1.0,1,0.5738794,1
DB00254,DB00898,1.0,0,0.4082727,0
DB00491,DB00936,1.0,1,0.59647626,1
DB00258,DB06410,1.0,0,0.46768773,0
DB00418,DB08992,1.0,1,0.5722548,1
DB00898,DB01095,1.0,1,0.5717467,1
DB00742,DB01229,1.0,1,0.5303894,1
DB00768,DB01440,1.0,1,0.58271116,1
DB00806,DB01207,1.0,0,0.4417265,0
DB01028,DB01101,1.0,1,0.57321024,1
DB00875,DB09083,1.0,1,0.5717786,1
DB00651,DB01359,1.0,1,0.51917565,1
DB00639,DB06712,1.0,0,0.44024232,0
DB00347,DB00412,1.0,1,0.556152,1
DB00310,DB13142,1.0,1,0.57964003,1
DB00765,DB04908,1.0,0,0.40360078,0
DB01396,DB09078,1.0,1,0.55996615,1
DB00492,DB13595,1.0,1,0.5261151,1
DB01234,DB01238,1.0,0,0.44739652,0
DB00362,DB00604,1.0,0,0.44884357,0
DB00972,DB01077,1.0,0,0.41230798,0
DB00283,DB01708,1.0,0,0.4296418,0
DB00853,DB08895,1.0,1,0.53680223,1
DB00238,DB00978,1.0,0,0.4620515,0
DB08909,DB08971,1.0,0,0.41105193,0
DB08826,DB13142,1.0,0,0.46837294,0
DB00596,DB00605,1.0,1,0.584779,1
DB00520,DB00653,1.0,0,0.4137256,0
DB00503,DB00568,1.0,0,0.41521934,0
DB00697,DB00898,1.0,1,0.50156444,1
DB00364,DB00936,1.0,0,0.47386968,0
DB01029,DB01544,1.0,0,0.47871011,0
DB00908,DB09300,1.0,0,0.4531749,0
DB01356,DB11156,1.0,1,0.54277706,1
DB00545,DB02187,1.0,0,0.4672629,0
DB01099,DB01115,1.0,1,0.58371955,1
DB01626,DB06203,1.0,1,0.5223855,1
DB00647,DB01325,1.0,0,0.4397469,0
DB01107,DB04855,1.0,0,0.45739013,0
DB00207,DB00714,1.0,1,0.55518943,1
DB00647,DB01395,1.0,1,0.5466287,1
DB00648,DB00764,1.0,0,0.4988143,0
DB01348,DB01349,1.0,1,0.5351566,1
DB00590,DB00983,1.0,0,0.40852657,0
DB00503,DB09076,1.0,0,0.45648602,0
DB00371,DB01220,1.0,0,0.45606387,0
DB01407,DB06290,1.0,1,0.5475081,1
DB00979,DB00981,1.0,1,0.5767119,1
DB00793,DB09236,1.0,1,0.58378416,1
DB00418,DB00788,1.0,0,0.44475615,0
DB00263,DB00563,1.0,0,0.46288574,0
DB00677,DB00687,1.0,1,0.5311535,1
DB00704,DB00899,1.0,0,0.44475994,0
DB00531,DB00790,1.0,0,0.46267664,0
DB00188,DB08941,1.0,1,0.5005823,1
DB00864,DB05260,1.0,1,0.50821054,1
DB00557,DB00588,1.0,1,0.5308764,1
DB00451,DB09146,1.0,1,0.50402105,1
DB00091,DB01172,1.0,0,0.47620422,0
DB00393,DB01157,1.0,1,0.51295894,1
DB00501,DB01466,1.0,1,0.5071639,1
DB00295,DB00997,1.0,0,0.48326072,0
DB00877,DB08992,1.0,1,0.52396613,1
DB00524,DB11126,1.0,0,0.4682775,0
DB06738,DB09125,1.0,0,0.45530078,0
DB01127,DB06712,1.0,0,0.484724,0
DB00663,DB05039,1.0,0,0.45774513,0
DB01201,DB01422,1.0,1,0.5744744,1
DB00511,DB13450,1.0,0,0.42201644,0
DB00993,DB04854,1.0,1,0.5628057,1
DB01095,DB08992,1.0,0,0.41630086,0
DB00780,DB00898,1.0,0,0.4340995,0
DB00618,DB01053,1.0,0,0.48739716,0
DB01397,DB09561,1.0,0,0.4577228,0
DB06218,DB09054,1.0,0,0.43644625,0
DB00687,DB06203,1.0,1,0.53059775,1
DB00243,DB00400,1.0,1,0.5163772,1
DB00599,DB01220,1.0,0,0.45782387,0
DB00677,DB00959,1.0,0,0.45620295,0
DB00951,DB11921,1.0,1,0.578711,1
DB09245,DB13139,1.0,1,0.5265126,1
DB01393,DB06817,1.0,0,0.42149252,0
DB00582,DB05246,1.0,1,0.57715493,1
DB01170,DB01214,1.0,0,0.43029165,0
DB00301,DB06810,1.0,1,0.5428007,1
DB00211,DB00935,1.0,1,0.5108067,1
DB00175,DB06268,1.0,1,0.5726538,1
DB01437,DB01589,1.0,1,0.598777,1
DB00549,DB01240,1.0,0,0.41440782,0
DB01167,DB02187,1.0,1,0.59752715,1
DB00835,DB00898,1.0,0,0.43458468,0
DB00169,DB00245,1.0,0,0.4253921,0
DB01156,DB01435,1.0,0,0.44196448,0
DB00790,DB06792,1.0,1,0.50674045,1
DB00783,DB11586,1.0,0,0.46787152,0
DB01190,DB13450,1.0,1,0.5797886,1
DB00639,DB09270,1.0,1,0.513396,1
DB00491,DB00668,1.0,0,0.43091834,0
DB01224,DB06788,1.0,0,0.46768722,0
DB01351,DB09216,1.0,0,0.4733526,0
DB00331,DB01185,1.0,1,0.5084707,1
DB00346,DB01064,1.0,0,0.47632417,0
DB00482,DB01071,1.0,1,0.52663183,1
DB00647,DB06800,1.0,0,0.42934185,0
DB00508,DB01131,1.0,1,0.5292437,1
DB00852,DB01063,1.0,0,0.41040185,0
DB00520,DB00696,1.0,1,0.56000876,1
DB00629,DB09289,1.0,0,0.45168117,0
DB08804,DB09095,1.0,1,0.59971255,1
DB00263,DB00685,1.0,0,0.47089246,0
DB00340,DB00782,1.0,1,0.5987103,1
DB00205,DB01240,1.0,0,0.42579213,0
DB01224,DB08822,1.0,0,0.44439134,0
DB00363,DB00937,1.0,1,0.52305865,1
DB00353,DB00668,1.0,1,0.5170998,1
DB00266,DB00313,1.0,0,0.46783003,0
DB04871,DB06701,1.0,0,0.4499158,0
DB00222,DB08807,1.0,1,0.52858335,1
DB00390,DB06791,1.0,0,0.41624728,0
DB00898,DB01104,1.0,0,0.48759943,0
DB01210,DB06791,1.0,1,0.54663664,1
DB00243,DB09076,1.0,1,0.58354753,1
DB00979,DB01233,1.0,1,0.599644,1
DB00531,DB00691,1.0,0,0.40920806,0
DB00641,DB08815,1.0,1,0.596076,1
DB00898,DB13872,1.0,0,0.47621098,0
DB00839,DB06710,1.0,1,0.549754,1
DB00211,DB01064,1.0,0,0.40043557,0
DB00880,DB00912,1.0,1,0.5175081,1
DB00843,DB08933,1.0,0,0.44904146,0
DB01169,DB01186,1.0,1,0.53528416,1
DB00238,DB06594,1.0,1,0.5713164,1
DB01190,DB09053,1.0,0,0.49968407,0
DB01297,DB01577,1.0,1,0.5118924,1
DB00273,DB04938,1.0,0,0.40260896,0
DB00697,DB08822,1.0,0,0.41504553,0
DB00326,DB00487,1.0,1,0.57482404,1
DB00438,DB01418,1.0,1,0.5288925,1
DB01223,DB06228,1.0,0,0.47257408,0
DB01100,DB01165,1.0,1,0.5944329,1
DB00390,DB00460,1.0,1,0.51807255,1
DB00918,DB06413,1.0,0,0.42291707,0
DB09067,DB09091,1.0,0,0.47786018,0
DB01157,DB01229,1.0,0,0.4628848,0
DB00435,DB00774,1.0,1,0.5596096,1
DB00864,DB09082,1.0,0,0.47355884,0
DB09216,DB09295,1.0,0,0.47540432,0
DB00717,DB06154,1.0,0,0.4238864,0
DB00672,DB08815,1.0,1,0.53887624,1
DB00263,DB01177,1.0,1,0.5793731,1
DB00337,DB12364,1.0,0,0.49461022,0
DB00340,DB00674,1.0,0,0.4524914,0
DB00996,DB01157,1.0,1,0.5635885,1
DB01268,DB04946,1.0,0,0.42406037,0
DB01621,DB09352,1.0,1,0.54616207,1
DB08882,DB09289,1.0,0,0.45795828,0
DB01093,DB09053,1.0,0,0.4779028,0
DB00809,DB00908,1.0,1,0.5365803,1
DB00318,DB01337,1.0,0,0.4943414,0
DB01197,DB11079,1.0,1,0.55358255,1
DB01167,DB09030,1.0,0,0.46950877,0
DB00201,DB01058,1.0,0,0.47641844,0
DB00715,DB01418,1.0,1,0.5427659,1
DB01032,DB11079,1.0,1,0.51194173,1
DB00489,DB06723,1.0,1,0.583003,1
DB00652,DB00887,1.0,0,0.4186354,0
DB00596,DB01233,1.0,1,0.5495055,1
DB03754,DB09561,1.0,0,0.4640591,0
DB00341,DB01255,1.0,1,0.5783868,1
DB00612,DB09083,1.0,1,0.5082587,1
DB00295,DB01337,1.0,0,0.4780471,0
DB01185,DB02187,1.0,1,0.5793362,1
DB00952,DB06144,1.0,1,0.55245024,1
DB00184,DB00521,1.0,0,0.49790537,0
DB00393,DB01189,1.0,1,0.59299564,1
DB00582,DB00838,1.0,1,0.5785199,1
DB00545,DB08970,1.0,0,0.47497353,0
DB00491,DB04576,1.0,0,0.49997783,0
DB06724,DB08826,1.0,1,0.5845293,1
DB00915,DB01184,1.0,1,0.5374542,1
DB01203,DB09083,1.0,0,0.44703576,0
DB01233,DB01601,1.0,1,0.5691834,1
DB00346,DB06695,1.0,0,0.40584874,0
DB01012,DB01244,1.0,0,0.48111314,0
DB01186,DB01217,1.0,0,0.45954883,0
DB00489,DB00500,1.0,0,0.48127353,0
DB00491,DB00614,1.0,1,0.5535795,1
DB00182,DB00514,1.0,0,0.42869362,0
DB01431,DB04272,1.0,1,0.5750765,1
DB00908,DB00981,1.0,1,0.54203904,1
DB00486,DB08883,1.0,1,0.58579475,1
DB00731,DB09244,1.0,1,0.5206122,1
DB00875,DB01590,1.0,1,0.5847908,1
DB00210,DB01609,1.0,1,0.5352272,1
DB00723,DB00830,1.0,0,0.43331188,0
DB06717,DB08906,1.0,1,0.55697227,1
DB01039,DB01251,1.0,1,0.54318815,1
DB01324,DB05039,1.0,0,0.4935047,0
DB06695,DB08938,1.0,0,0.408382,0
DB01218,DB01614,1.0,0,0.45248896,0
DB00677,DB01173,1.0,0,0.45969045,0
DB00392,DB01090,1.0,1,0.5694604,1
DB01223,DB01489,1.0,0,0.41137615,0
DB00907,DB01166,1.0,0,0.4892427,0
DB00377,DB00601,1.0,1,0.53931004,1
DB00498,DB00806,1.0,1,0.5882593,1
DB01261,DB01348,1.0,0,0.42095646,0
DB01200,DB08804,1.0,1,0.5142853,1
DB06217,DB06595,1.0,1,0.56107473,1
DB00511,DB01297,1.0,1,0.59009904,1
DB00590,DB08916,1.0,0,0.4287067,0
DB01377,DB01427,1.0,1,0.52002555,1
DB01200,DB09079,1.0,1,0.58640337,1
DB00841,DB09042,1.0,0,0.45701116,0
DB01611,DB01615,1.0,0,0.46376833,0
DB04572,DB04841,1.0,0,0.47519156,0
DB00783,DB09095,1.0,1,0.5110083,1
DB00468,DB02638,1.0,1,0.57804346,1
DB00998,DB09330,1.0,1,0.5901119,1
DB00685,DB00738,1.0,0,0.41908818,0
DB01093,DB01095,1.0,1,0.5717467,1
DB06589,DB06663,1.0,0,0.47955596,0
DB01155,DB06402,1.0,0,0.48122454,0
DB00655,DB00764,1.0,1,0.5708331,1
DB00582,DB01047,1.0,1,0.59871835,1
DB01021,DB13231,1.0,1,0.58267176,1
DB00445,DB08895,1.0,0,0.46831927,0
DB01254,DB13879,0.0,1,0.50254774,0
DB00344,DB11315,0.0,0,0.41625753,1
DB00933,DB01165,0.0,0,0.4924457,1
DB00261,DB01337,0.0,1,0.55962956,0
DB00651,DB01030,0.0,0,0.44596326,1
DB01250,DB01390,0.0,1,0.58300877,0
DB00897,DB12161,0.0,0,0.4363622,1
DB00381,DB09275,0.0,0,0.49730062,1
DB01193,DB01234,0.0,1,0.5496964,0
DB01252,DB02659,0.0,1,0.5656375,0
DB00710,DB05266,0.0,1,0.5607655,0
DB00618,DB08970,0.0,1,0.59991413,0
DB01196,DB06268,0.0,1,0.5082642,0
DB00695,DB01008,0.0,1,0.52705735,0
DB00861,DB01336,0.0,1,0.5444834,0
DB00598,DB01259,0.0,1,0.5685535,0
DB00289,DB08934,0.0,1,0.51507074,0
DB00669,DB00880,0.0,0,0.45959273,1
DB01356,DB11315,0.0,1,0.5091993,0
DB00590,DB09082,0.0,1,0.58487093,0
DB00429,DB00808,0.0,1,0.5059074,0
DB00938,DB09027,0.0,0,0.44278175,1
DB00524,DB00699,0.0,0,0.44094086,1
DB00268,DB05676,0.0,1,0.53808707,0
DB00745,DB00839,0.0,0,0.4458181,1
DB01090,DB05039,0.0,0,0.44865948,1
DB00297,DB00710,0.0,0,0.45387182,1
DB06781,DB09283,0.0,1,0.5555771,0
DB00472,DB00935,0.0,0,0.43232286,1
DB00344,DB02703,0.0,1,0.5500121,0
DB00839,DB05265,0.0,1,0.56126255,0
DB01200,DB13872,0.0,1,0.54503477,0
DB00374,DB00591,0.0,1,0.59338343,0
DB00987,DB01357,0.0,0,0.42453313,1
DB00740,DB06700,0.0,0,0.44828367,1
DB00400,DB09054,0.0,0,0.46272722,1
DB01039,DB01259,0.0,1,0.54756296,0
DB00981,DB01155,0.0,1,0.5556464,0
DB01095,DB08887,0.0,0,0.49264088,1
DB06209,DB13167,0.0,0,0.4711198,1
DB01239,DB05219,0.0,0,0.48118392,1
DB00896,DB01197,0.0,0,0.48109108,1
DB01261,DB06267,0.0,1,0.51406497,0
DB00997,DB04946,0.0,0,0.44108447,1
DB00357,DB01253,0.0,1,0.59148425,0
DB01218,DB01083,0.0,0,0.45565924,1
DB01223,DB01576,0.0,1,0.57302094,0
DB00481,DB00498,0.0,1,0.5447524,0
DB00294,DB04576,0.0,0,0.4232574,1
DB00205,DB01024,0.0,0,0.43712643,1
DB00709,DB05351,0.0,1,0.5383556,0
DB00489,DB00842,0.0,0,0.40930167,1
DB00958,DB01357,0.0,0,0.44843337,1
DB00182,DB01253,0.0,1,0.5002441,0
DB00880,DB06696,0.0,1,0.5761734,0
DB00500,DB00631,0.0,0,0.4931656,1
DB00871,DB05521,0.0,0,0.42892337,1
DB01171,DB01338,0.0,1,0.5508458,0
DB00349,DB00670,0.0,0,0.4152578,1
DB01324,DB01005,0.0,0,0.41640338,1
DB04846,DB08883,0.0,1,0.55072457,0
DB01209,DB01390,0.0,0,0.4705875,1
DB01111,DB13783,0.0,0,0.41493398,1
DB00334,DB01338,0.0,1,0.5943635,0
DB01348,DB08860,0.0,1,0.514405,0
DB00709,DB06689,0.0,0,0.4123308,1
DB00526,DB05528,0.0,0,0.4447072,1
DB00839,DB09101,0.0,0,0.4968081,1
DB00368,DB01100,0.0,0,0.4989788,1
DB00519,DB05812,0.0,1,0.5314855,0
DB01586,DB01396,0.0,0,0.49090058,1
DB00238,DB09462,0.0,0,0.40521708,1
DB01291,DB04948,0.0,1,0.56735617,0
DB00657,DB04878,0.0,0,0.4839201,1
DB00232,DB06696,0.0,0,0.47925976,1
DB00409,DB01132,0.0,0,0.46730736,1
DB00462,DB01069,0.0,0,0.48866367,1
DB00612,DB09273,0.0,0,0.43585834,1
DB00284,DB00881,0.0,1,0.52584106,0
DB00764,DB01241,0.0,0,0.41071552,1
DB01169,DB08932,0.0,1,0.5577158,0
DB00184,DB00601,0.0,0,0.4560661,1
DB00244,DB00922,0.0,1,0.5998521,0
DB00648,DB01406,0.0,1,0.510783,0
DB04575,DB09027,0.0,0,0.40531585,1
DB00393,DB04878,0.0,1,0.5646617,0
DB00232,DB01046,0.0,1,0.5771107,0
DB00589,DB04908,0.0,0,0.4433481,1
DB01111,DB01603,0.0,0,0.45647642,1
DB00565,DB00758,0.0,1,0.5132425,0
DB00657,DB00656,0.0,1,0.58083755,0
DB09112,DB01078,0.0,0,0.43890432,1
DB04575,DB09256,0.0,0,0.40760654,1
DB06772,DB09102,0.0,0,0.4108535,1
DB00519,DB01227,0.0,0,0.44390193,1
DB00613,DB02709,0.0,1,0.56073415,0
DB00503,DB08798,0.0,0,0.441569,1
DB01195,DB13025,0.0,1,0.59854066,0
DB00781,DB09147,0.0,1,0.5888622,0
DB00983,DB01203,0.0,0,0.41468233,1
DB00657,DB11126,0.0,1,0.5105163,0
DB00205,DB01164,0.0,0,0.4827636,1
DB00917,DB01248,0.0,0,0.47503015,1
DB01325,DB06287,0.0,1,0.51436627,0
DB00307,DB01155,0.0,0,0.45986453,1
DB00437,DB09220,0.0,1,0.5481927,0
DB00531,DB00726,0.0,1,0.53148645,0
DB00876,DB01076,0.0,1,0.5377515,0
DB01097,DB01392,0.0,0,0.47008413,1
DB01377,DB09041,0.0,1,0.53806496,0
DB00222,DB00873,0.0,0,0.40659675,1
DB00922,DB06764,0.0,0,0.46834448,1
DB00589,DB00784,0.0,0,0.49259493,1
DB00177,DB06767,0.0,1,0.54291165,0
DB00864,DB06700,0.0,1,0.5266247,0
DB00540,DB04878,0.0,0,0.495774,1
DB00710,DB01149,0.0,1,0.57481545,0
DB00625,DB01708,0.0,0,0.45456982,1
DB01133,DB01708,0.0,0,0.4707251,1
DB00437,DB00714,0.0,0,0.40332916,1
DB00652,DB06016,0.0,0,0.42183837,1
DB00611,DB01001,0.0,1,0.51075536,0
DB00589,DB01591,0.0,1,0.5889745,0
DB00251,DB00529,0.0,1,0.5706152,0
DB00468,DB00953,0.0,0,0.46993545,1
DB01325,DB06605,0.0,1,0.529946,0
DB00277,DB00367,0.0,1,0.55502516,0
DB00843,DB04794,0.0,0,0.43614814,1
DB01252,DB01241,0.0,1,0.5136863,0
DB00722,DB00898,0.0,0,0.4168249,1
DB00519,DB01380,0.0,1,0.5088777,0
DB00379,DB00764,0.0,0,0.4739106,1
DB00695,DB08860,0.0,0,0.41905877,1
DB00494,DB09293,0.0,0,0.4952866,1
DB00770,DB00624,0.0,1,0.58738446,0
DB00331,DB01092,0.0,0,0.41962275,1
DB01193,DB06781,0.0,0,0.499298,1
DB00248,DB01563,0.0,1,0.556967,0
DB00656,DB01078,0.0,1,0.5135306,0
DB00705,DB06594,0.0,0,0.4933405,1
DB01340,DB09039,0.0,0,0.4418733,1
DB01195,DB01357,0.0,1,0.5987775,0
DB06788,DB13595,0.0,1,0.59816194,0
DB00751,DB01244,0.0,1,0.5368584,0
DB00981,DB11126,0.0,0,0.47165996,1
DB00219,DB00691,0.0,0,0.4164219,1
DB00363,DB09070,0.0,0,0.4590519,1
DB00970,DB09270,0.0,1,0.51509273,0
DB00914,DB09286,0.0,1,0.5615777,0
DB00385,DB00672,0.0,1,0.5705666,0
DB00735,DB01337,0.0,0,0.41179717,1
DB11699,DB11315,0.0,0,0.44471046,1
DB00205,DB01203,0.0,1,0.52086276,0
DB00910,DB13873,0.0,1,0.5541109,0
DB00373,DB08906,0.0,0,0.4774269,1
DB00877,DB01367,0.0,0,0.46648845,1
DB00937,DB13450,0.0,1,0.5246209,0
DB00530,DB00921,0.0,0,0.49528497,1
DB00877,DB06701,0.0,1,0.5834875,0
DB00481,DB00678,0.0,0,0.41433352,1
DB00765,DB01129,0.0,1,0.51191163,0
DB01609,DB06819,0.0,0,0.4243281,1
DB00501,DB06267,0.0,1,0.57393676,0
DB01169,DB09449,0.0,0,0.44301257,1
DB04876,DB08943,0.0,0,0.45853028,1
DB00750,DB01608,0.0,1,0.5078509,0
DB00814,DB06403,0.0,1,0.5016467,0
DB00594,DB02703,0.0,0,0.4224215,1
DB01588,DB08868,0.0,0,0.46230718,1
DB06209,DB09215,0.0,1,0.59358597,0
DB00864,DB01247,0.0,1,0.5876711,0
DB01016,DB01348,0.0,1,0.58612794,0
DB00014,DB05676,0.0,0,0.46705985,1
DB00214,DB01365,0.0,0,0.46586105,1
DB01090,DB06791,0.0,0,0.40058315,1
DB01099,DB01067,0.0,1,0.5582808,0
DB06207,DB09242,0.0,0,0.47855103,1
DB00997,DB01020,0.0,0,0.49488315,1
DB00014,DB06712,0.0,0,0.47884256,1
DB00758,DB06412,0.0,1,0.5845976,0
DB00884,DB01410,0.0,1,0.5319068,0
DB06800,DB09244,0.0,0,0.459408,1
DB00717,DB09227,0.0,0,0.4444993,1
DB00685,DB01026,0.0,1,0.5391949,0
DB00765,DB00863,0.0,0,0.4479152,1
DB00266,DB09274,0.0,0,0.40314972,1
DB08954,DB08909,0.0,0,0.41624728,1
DB04835,DB09009,0.0,1,0.55491406,0
DB01370,DB09225,0.0,0,0.4814414,1
DB00487,DB01253,0.0,1,0.5379418,0
DB01255,DB06716,0.0,0,0.4786638,1
DB00537,DB01597,0.0,1,0.5440616,0
DB00258,DB11921,0.0,0,0.42653215,1
DB00511,DB11079,0.0,1,0.558316,0
DB00542,DB01087,0.0,0,0.4044559,1
DB00381,DB08903,0.0,0,0.4012267,1
DB00409,DB00782,0.0,0,0.4621572,1
DB00914,DB06228,0.0,1,0.5121915,0
DB00232,DB00831,0.0,1,0.5152579,0
DB01221,DB01577,0.0,0,0.4680259,1
DB00218,DB04861,0.0,0,0.45925683,1
DB00647,DB09112,0.0,1,0.53904253,0
DB04840,DB09270,0.0,1,0.50589406,0
DB00915,DB09074,0.0,0,0.4327917,1
DB00310,DB06412,0.0,0,0.47232547,1
DB00706,DB01028,0.0,0,0.4803223,1
DB00960,DB09076,0.0,1,0.5123882,0
DB00396,DB09204,0.0,1,0.52312255,0
DB01268,DB09030,0.0,0,0.4505743,1
DB00731,DB11126,0.0,0,0.4242833,1
DB01168,DB01252,0.0,0,0.4886441,1
DB01370,DB09343,0.0,0,0.47839814,1
DB00673,DB09070,0.0,1,0.55057496,0
DB01245,DB04794,0.0,1,0.517626,0
DB00395,DB01087,0.0,0,0.47212046,1
DB06717,DB01438,0.0,1,0.5350401,0
DB00508,DB01122,0.0,0,0.43518168,1
DB00745,DB00842,0.0,0,0.44152287,1
DB00540,DB00483,0.0,0,0.43281877,1
DB01356,DB08933,0.0,1,0.57641566,0
DB04948,DB09048,0.0,0,0.4315111,1
DB00136,DB08991,0.0,0,0.4730269,1
DB01406,DB08991,0.0,1,0.54397213,0
DB00589,DB00639,0.0,0,0.48439813,1
DB01215,DB06016,0.0,0,0.41177598,1
DB00758,DB00845,0.0,1,0.508036,0
DB06413,DB08798,0.0,0,0.45802346,1
DB00362,DB00981,0.0,1,0.5751565,0
DB00943,DB01252,0.0,1,0.5074106,0
DB00630,DB00764,0.0,1,0.5011494,0
DB01261,DB06218,0.0,0,0.45953825,1
DB00266,DB01559,0.0,1,0.5004321,0
DB00291,DB08880,0.0,0,0.42698622,1
DB00732,DB01609,0.0,0,0.45344684,1
DB01092,DB00788,0.0,1,0.58523375,0
DB00677,DB01170,0.0,1,0.5879164,0
DB00589,DB00665,0.0,1,0.590481,0
DB00196,DB01047,0.0,0,0.41459417,1
DB06695,DB09244,0.0,0,0.4712385,1
DB00977,DB08887,0.0,0,0.49290377,1
DB01002,DB06695,0.0,1,0.5053777,0
DB00205,DB01214,0.0,0,0.4637988,1
DB00648,DB08798,0.0,1,0.5353858,0
DB00818,DB01078,0.0,0,0.41472262,1
DB01345,DB09242,0.0,0,0.49730334,1
DB00530,DB01059,0.0,0,0.42974806,1
DB00847,DB13872,0.0,0,0.47621098,1
DB00336,DB01076,0.0,1,0.5471745,0
DB01208,DB06228,0.0,1,0.50538677,0
DB04861,DB06605,0.0,0,0.47477663,1
DB01133,DB01357,0.0,1,0.57382715,0
DB00280,DB00903,0.0,1,0.5578479,0
DB01070,DB09074,0.0,1,0.59852344,0
DB00259,DB01319,0.0,1,0.5602615,0
DB00692,DB01263,0.0,0,0.48615837,1
DB06707,DB06725,0.0,0,0.42890772,1
DB00983,DB08871,0.0,0,0.45003712,1
DB01197,DB01366,0.0,1,0.5671189,0
DB00273,DB01295,0.0,0,0.49097303,1
DB09075,DB11126,0.0,0,0.4436074,1
DB00751,DB11921,0.0,1,0.5485246,0
DB08816,DB11126,0.0,0,0.46026427,1
DB00814,DB00780,0.0,0,0.4907208,1
DB00648,DB06402,0.0,1,0.59840304,0
DB00648,DB01228,0.0,0,0.4836945,1
DB00641,DB06237,0.0,0,0.49568182,1
DB00932,DB04552,0.0,0,0.42391253,1
DB04846,DB08971,0.0,0,0.42556068,1
DB06717,DB04841,0.0,0,0.45586863,1
DB09112,DB01353,0.0,1,0.5144813,0
DB01179,DB01590,0.0,1,0.53537804,0
DB00779,DB05039,0.0,0,0.4807665,1
DB00867,DB01229,0.0,1,0.53648776,0
DB00176,DB01199,0.0,1,0.56102943,0
DB00476,DB00884,0.0,1,0.587549,0
DB00328,DB06268,0.0,1,0.5189881,0
DB00211,DB00794,0.0,1,0.56642437,0
DB00633,DB09231,0.0,1,0.5513065,0
DB08912,DB11079,0.0,1,0.55543596,0
DB01102,DB01244,0.0,0,0.46740192,1
DB01013,DB01030,0.0,0,0.48450997,1
DB06413,DB11915,0.0,0,0.41823885,1
DB00594,DB08916,0.0,0,0.4689535,1
DB01235,DB01184,0.0,1,0.53692096,0
DB01144,DB09119,0.0,1,0.5911989,0
DB03754,DB08807,0.0,0,0.4904686,1
DB00177,DB00446,0.0,0,0.45701414,1
DB00255,DB08874,0.0,1,0.5720055,0
DB00437,DB08806,0.0,0,0.437668,1
DB01153,DB13595,0.0,0,0.49146178,1
DB00807,DB01601,0.0,1,0.51596695,0
DB01016,DB01597,0.0,0,0.4607348,1
DB00177,DB00591,0.0,0,0.4759614,1
DB00818,DB06767,0.0,0,0.44860566,1
DB00630,DB09268,0.0,1,0.51339227,0
DB00641,DB01189,0.0,1,0.5142492,0
DB04846,DB09091,0.0,1,0.50457275,0
DB00449,DB06764,0.0,1,0.5777515,0
DB00750,DB00866,0.0,0,0.49278834,1
DB00919,DB00966,0.0,1,0.50032264,0
DB00346,DB00541,0.0,1,0.5327444,0
DB00604,DB00620,0.0,0,0.47390908,1
DB00712,DB06212,0.0,1,0.5646768,0
DB00695,DB00819,0.0,0,0.47900262,1
DB00487,DB09343,0.0,0,0.4330812,1
DB06695,DB06813,0.0,0,0.48592517,1
DB01009,DB09054,0.0,0,0.47399554,1
DB01098,DB09241,0.0,0,0.4175064,1
DB00205,DB01254,0.0,1,0.55827147,0
DB00502,DB01408,0.0,0,0.4802143,1
DB00486,DB00568,0.0,0,0.4142843,1
DB00321,DB00710,0.0,1,0.5073668,0
DB01420,DB08864,0.0,0,0.48991185,1
DB00839,DB00870,0.0,1,0.54063654,0
DB01214,DB06819,0.0,1,0.5056136,0
DB00910,DB01241,0.0,0,0.45540208,1
DB00146,DB00681,0.0,0,0.4547588,1
DB01143,DB09118,0.0,0,0.4453039,1
DB01611,DB09048,0.0,0,0.4351111,1
DB00585,DB06210,0.0,0,0.49484113,1
DB00375,DB00700,0.0,0,0.41500956,1
DB01101,DB04574,0.0,1,0.5425333,0
DB01252,DB06701,0.0,1,0.57442605,0
DB00601,DB01395,0.0,1,0.51558197,0
DB00647,DB01182,0.0,1,0.53304553,0
DB00695,DB09198,0.0,0,0.45663,1
DB00341,DB00614,0.0,0,0.45745498,1
DB03754,DB08864,0.0,0,0.46767145,1
DB00814,DB09038,0.0,0,0.46431127,1
DB00887,DB00910,0.0,1,0.5178875,0
DB00751,DB05265,0.0,1,0.53810716,0
DB00307,DB09268,0.0,0,0.4157789,1
DB00515,DB01201,0.0,1,0.59138906,0
DB00353,DB00887,0.0,1,0.5089521,0
DB01235,DB13595,0.0,0,0.46401715,1
DB00491,DB06708,0.0,1,0.52661675,0
DB00446,DB01236,0.0,0,0.4770359,1
DB00774,DB01184,0.0,0,0.43878344,1
DB01129,DB04861,0.0,0,0.47779486,1
DB00742,DB00732,0.0,0,0.4525675,1
DB00997,DB09070,0.0,1,0.5427077,0
DB01166,DB08804,0.0,1,0.5181212,0
DB00571,DB00585,0.0,1,0.58682245,0
DB00540,DB00749,0.0,0,0.45221937,1
DB00235,DB01320,0.0,0,0.4546483,1
DB00774,DB00819,0.0,1,0.57437146,0
DB01017,DB06206,0.0,0,0.44218177,1
DB00268,DB01366,0.0,0,0.4885552,1
DB00812,DB09054,0.0,0,0.46771392,1
DB00207,DB06723,0.0,0,0.413186,1
DB00697,DB01093,0.0,1,0.50156444,0
DB01200,DB06282,0.0,1,0.5853915,0
DB06708,DB09296,0.0,0,0.42482215,1
DB00315,DB00537,0.0,1,0.5583943,0
DB00364,DB01380,0.0,0,0.414639,1
DB00214,DB08957,0.0,1,0.5987,0
DB00952,DB00897,0.0,0,0.47066,1
DB00740,DB09119,0.0,0,0.44692805,1
DB00742,DB09462,0.0,1,0.52207774,0
DB01297,DB09282,0.0,0,0.49008155,1
DB00280,DB00732,0.0,0,0.49301013,1
DB00681,DB01030,0.0,0,0.46027815,1
DB00445,DB00615,0.0,1,0.5549002,0
DB00853,DB01263,0.0,0,0.4798009,1
DB00433,DB00584,0.0,0,0.48214746,1
DB00800,DB06764,0.0,1,0.574687,0
DB00914,DB04896,0.0,0,0.42404622,1
DB00586,DB04841,0.0,0,0.4601495,1
DB00907,DB09038,0.0,0,0.4384334,1
DB00244,DB08909,0.0,0,0.47007537,1
DB00897,DB08807,0.0,0,0.4596304,1
DB06154,DB11126,0.0,1,0.5506092,0
DB00690,DB01248,0.0,0,0.42843452,1
DB00449,DB09027,0.0,0,0.4991155,1
DB00523,DB00482,0.0,1,0.5970188,0
DB00860,DB01210,0.0,0,0.41050282,1
DB00621,DB04573,0.0,1,0.5992974,0
DB00908,DB01093,0.0,1,0.57801414,0
DB00830,DB09279,0.0,0,0.47519416,1
DB01044,DB09283,0.0,0,0.48436955,1
DB00849,DB06709,0.0,0,0.4302365,1
DB05219,DB06786,0.0,0,0.47987157,1
DB00968,DB01122,0.0,0,0.43923166,1
DB00540,DB08868,0.0,1,0.5551818,0
DB00988,DB01081,0.0,1,0.53937095,0
DB00153,DB08807,0.0,0,0.45134103,1
DB00966,DB05039,0.0,1,0.58505213,0
DB00346,DB01129,0.0,1,0.5104034,0
DB01059,DB01091,0.0,1,0.58604205,0
DB00491,DB01708,0.0,1,0.560458,0
DB01010,DB01142,0.0,1,0.5345417,0
DB08893,DB09231,0.0,1,0.5299835,0
DB11148,DB08864,0.0,1,0.50623983,0
DB00986,DB01614,0.0,0,0.47457582,1
DB01400,DB08824,0.0,0,0.4960487,1
DB00289,DB00772,0.0,1,0.55573964,0
DB00222,DB13231,0.0,1,0.5376201,0
DB00677,DB01144,0.0,0,0.48957938,1
DB00857,DB01113,0.0,0,0.48630384,1
DB00862,DB06736,0.0,0,0.4595267,1
DB00612,DB00710,0.0,1,0.52498376,0
DB01340,DB01234,0.0,1,0.5143371,0
DB01092,DB09082,0.0,0,0.47861803,1
DB00557,DB00880,0.0,0,0.47211185,1
DB01252,DB04846,0.0,0,0.43762958,1
DB00639,DB09048,0.0,0,0.43679428,1
DB00905,DB06772,0.0,1,0.58313954,0
DB00846,DB00838,0.0,1,0.5173556,0
DB00379,DB06155,0.0,0,0.48456663,1
DB00394,DB09048,0.0,0,0.46346864,1
DB00839,DB01194,0.0,1,0.5536349,0
DB00319,DB01092,0.0,1,0.55041987,0
DB00491,DB08826,0.0,0,0.44216338,1
DB08881,DB13139,0.0,0,0.4201172,1
DB00537,DB08971,0.0,0,0.45625898,1
DB00484,DB00945,0.0,1,0.503147,0
DB06196,DB12332,0.0,1,0.58731467,0
DB00222,DB06402,0.0,0,0.48981953,1
DB01392,DB09076,0.0,0,0.47423446,1
DB00907,DB09080,0.0,0,0.49183407,1
DB09038,DB11636,0.0,0,0.40359813,1
DB01041,DB05316,0.0,1,0.54981154,0
DB01177,DB01238,0.0,1,0.57850575,0
DB00205,DB00694,0.0,1,0.5832585,0
DB01395,DB08916,0.0,1,0.5919643,0
DB00391,DB01263,0.0,0,0.469292,1
DB00472,DB09101,0.0,1,0.5471016,0
DB00520,DB00588,0.0,1,0.51115084,0
DB00205,DB00384,0.0,0,0.41205963,1
DB00437,DB01210,0.0,1,0.53386617,0
DB00285,DB00989,0.0,1,0.588093,0
DB01592,DB01501,0.0,0,0.44698182,1
DB00889,DB01002,0.0,0,0.4869248,1
DB00150,DB01165,0.0,0,0.4540346,1
DB01069,DB09272,0.0,0,0.4086306,1
DB00211,DB00869,0.0,1,0.5818341,0
DB00905,DB00976,0.0,1,0.56952375,0
DB00768,DB04572,0.0,0,0.41132027,1
DB00519,DB06595,0.0,1,0.57584715,0
DB00390,DB00546,0.0,0,0.44840685,1
DB00938,DB09162,0.0,1,0.5382207,0
DB00314,DB04272,0.0,0,0.40884706,1
DB00228,DB00524,0.0,0,0.45891437,1
DB01127,DB09330,0.0,1,0.5377528,0
DB00805,DB05246,0.0,0,0.46034995,1
DB01452,DB04855,0.0,0,0.48528224,1
DB00364,DB00620,0.0,0,0.4471692,1
DB01395,DB09079,0.0,0,0.430969,1
DB00872,DB01047,0.0,0,0.45757744,1
DB00647,DB09462,0.0,1,0.53904253,0
DB01252,DB05039,0.0,1,0.52693164,0
DB00323,DB04743,0.0,0,0.49847165,1
DB00961,DB01319,0.0,1,0.52283967,0
DB00808,DB00827,0.0,1,0.571131,0
DB00933,DB06698,0.0,1,0.57195234,0
DB00810,DB09000,0.0,1,0.51530474,0
DB00798,DB01057,0.0,0,0.42181826,1
DB01098,DB09083,0.0,1,0.54591745,0
DB00434,DB01339,0.0,0,0.4159975,1
DB08971,DB09330,0.0,0,0.4277475,1
DB01191,DB08815,0.0,0,0.4306904,1
DB00805,DB13142,0.0,0,0.4685522,1
DB00912,DB08943,0.0,0,0.43009415,1
DB00288,DB01101,0.0,1,0.5375032,0
DB01235,DB01223,0.0,1,0.56614304,0
DB00839,DB09289,0.0,1,0.5788099,0
DB00654,DB01297,0.0,0,0.48946774,1
DB01324,DB08893,0.0,0,0.4280916,1
DB06723,DB08909,0.0,0,0.43310416,1
DB00582,DB08871,0.0,0,0.42662475,1
DB00758,DB01157,0.0,0,0.42211467,1
DB01253,DB06704,0.0,1,0.5483867,0
DB01400,DB04840,0.0,0,0.418866,1
DB00184,DB00978,0.0,1,0.5612375,0
DB00827,DB01656,0.0,1,0.5385686,0
DB00861,DB06403,0.0,0,0.4669336,1
DB01129,DB06742,0.0,0,0.47858298,1
DB00304,DB00796,0.0,1,0.5481329,0
DB00975,DB01074,0.0,1,0.52439976,0
DB00938,DB08992,0.0,0,0.44605032,1
DB00736,DB00669,0.0,1,0.59969974,0
DB00599,DB01259,0.0,1,0.5454189,0
DB01319,DB01583,0.0,0,0.46208367,1
DB00535,DB13231,0.0,1,0.5837217,0
DB01004,DB01418,0.0,0,0.41357222,1
DB01036,DB13783,0.0,0,0.45006153,1
DB00220,DB01034,0.0,0,0.46018302,1
DB00214,DB08899,0.0,1,0.507843,0
DB01017,DB01029,0.0,0,0.46899623,1
DB00215,DB01366,0.0,1,0.56273013,0
DB01274,DB06480,0.0,1,0.5672014,0
DB00854,DB01253,0.0,0,0.49131477,1
DB01129,DB04574,0.0,0,0.42723405,1
DB06723,DB11699,0.0,0,0.4210603,1
DB00905,DB01233,0.0,1,0.5652249,0
DB08905,DB09270,0.0,1,0.52679706,0
DB00795,DB00898,0.0,0,0.41390595,1
DB00933,DB08822,0.0,0,0.4987724,1
DB00647,DB00388,0.0,1,0.5563304,0
DB01048,DB06212,0.0,1,0.5856055,0
DB00462,DB01624,0.0,0,0.40441263,1
DB00808,DB09027,0.0,0,0.47982803,1
DB06730,DB08907,0.0,0,0.4001404,1
DB00559,DB00772,0.0,1,0.50315845,0
DB00646,DB00511,0.0,1,0.5662028,0
DB00324,DB01115,0.0,1,0.55228645,0
DB01223,DB09119,0.0,1,0.518254,0
DB01238,DB06626,0.0,0,0.45970505,1
DB00458,DB08992,0.0,0,0.41524234,1
DB01319,DB04948,0.0,1,0.588703,0
DB00540,DB01093,0.0,1,0.59604603,0
DB06413,DB13179,0.0,0,0.44284546,1
DB00658,DB08938,0.0,0,0.4012861,1
DB00169,DB00910,0.0,0,0.49614915,1
DB00294,DB00772,0.0,1,0.5320774,0
DB00872,DB01089,0.0,0,0.44948184,1
DB00401,DB00898,0.0,0,0.47565308,1
DB00255,DB01203,0.0,0,0.45613524,1
DB00654,DB01124,0.0,0,0.42241704,1
DB01201,DB09076,0.0,1,0.58880866,0
DB01005,DB01023,0.0,1,0.5991352,0
DB01151,DB01005,0.0,0,0.41775388,1
DB00944,DB00783,0.0,0,0.42686307,1
DB00232,DB00238,0.0,0,0.41788372,1
DB04846,DB08970,0.0,0,0.4811224,1
DB01120,DB01157,0.0,0,0.4429477,1
DB00680,DB06698,0.0,1,0.595133,0
DB01060,DB09054,0.0,0,0.46725246,1
DB00589,DB00876,0.0,0,0.42784315,1
DB00241,DB11106,0.0,0,0.450926,1
DB00705,DB09225,0.0,1,0.51392144,0
DB00278,DB00624,0.0,1,0.5948945,0
DB00976,DB09070,0.0,0,0.41198707,1
DB00353,DB00515,0.0,0,0.4600849,1
DB00559,DB00754,0.0,0,0.40902182,1
DB00492,DB00900,0.0,0,0.41494274,1
DB00193,DB06704,0.0,1,0.58426553,0
DB00625,DB09352,0.0,0,0.4222819,1
DB00280,DB06480,0.0,0,0.4602973,1
DB01210,DB01357,0.0,1,0.53908646,0
DB09065,DB09204,0.0,0,0.40903965,1
DB00630,DB13158,0.0,0,0.48410514,1
DB00589,DB11560,0.0,0,0.47076592,1
DB00554,DB09048,0.0,1,0.53987616,0
DB01076,DB01337,0.0,0,0.40219325,1
DB00489,DB00979,0.0,1,0.56662756,0
DB01359,DB08992,0.0,1,0.5520346,0
DB01182,DB01239,0.0,0,0.47399488,1
DB00964,DB01122,0.0,0,0.47824463,1
DB00651,DB00647,0.0,1,0.57559574,0
DB00528,DB06218,0.0,1,0.5740229,0
DB00487,DB13873,0.0,0,0.44009203,1
DB00465,DB00820,0.0,0,0.48685732,1
DB00338,DB01597,0.0,0,0.41244224,1
DB00184,DB09147,0.0,0,0.4042581,1
DB00736,DB04572,0.0,1,0.5335583,0
DB01021,DB09462,0.0,1,0.5765997,0
DB08899,DB06819,0.0,0,0.41637048,1
DB04272,DB06210,0.0,1,0.5515291,0
DB00268,DB01194,0.0,0,0.4010551,1
DB00781,DB09267,0.0,1,0.5596154,0
DB00035,DB00404,0.0,1,0.56507283,0
DB01622,DB06262,0.0,0,0.46645674,1
DB00495,DB00982,0.0,0,0.47425687,1
DB06216,DB09104,0.0,1,0.5899527,0
DB00869,DB01173,0.0,1,0.5453348,0
DB00503,DB00945,0.0,1,0.57006085,0
DB00677,DB01192,0.0,0,0.48872826,1
DB00215,DB00553,0.0,0,0.46436208,1
DB00461,DB00606,0.0,0,0.41836157,1
DB09112,DB09166,0.0,1,0.50257236,0
DB00988,DB01273,0.0,1,0.51318526,0
DB00816,DB09039,0.0,1,0.5586391,0
DB00637,DB00933,0.0,0,0.46556965,1
DB00661,DB06264,0.0,0,0.46388623,1
DB01078,DB04878,0.0,0,0.42061612,1
DB00795,DB01092,0.0,1,0.5773636,0
DB00258,DB00573,0.0,1,0.57423127,0
DB00805,DB00817,0.0,1,0.530194,0
DB00884,DB09095,0.0,1,0.5919998,0
DB00202,DB00668,0.0,1,0.5460229,0
DB00476,DB00483,0.0,0,0.42413816,1
DB00613,DB01365,0.0,0,0.43162692,1
DB00871,DB06595,0.0,1,0.5094988,0
DB01075,DB01093,0.0,0,0.4299089,1
DB00202,DB00571,0.0,1,0.52389586,0
DB00261,DB01112,0.0,0,0.4528868,1
DB00331,DB09267,0.0,1,0.51014555,0
DB00487,DB09204,0.0,0,0.48826548,1
DB06723,DB08991,0.0,1,0.50900906,0
DB00327,DB01030,0.0,0,0.40610582,1
DB00979,DB06767,0.0,0,0.48212764,1
DB00477,DB01164,0.0,1,0.57409126,0
DB00400,DB09042,0.0,0,0.47847497,1
DB00764,DB00966,0.0,0,0.4638663,1
DB00790,DB08933,0.0,1,0.5770856,0
DB00988,DB08871,0.0,1,0.5777363,0
DB01017,DB01162,0.0,0,0.41428342,1
DB00755,DB00608,0.0,1,0.53665334,0
DB01175,DB04574,0.0,1,0.52548844,0
DB00445,DB01253,0.0,0,0.4157774,1
DB00821,DB01060,0.0,0,0.4826311,1
DB00248,DB00865,0.0,1,0.5734969,0
DB00485,DB00880,0.0,0,0.405725,1
DB06441,DB08868,0.0,1,0.5499585,0
DB00359,DB06786,0.0,0,0.42522204,1
DB09293,DB00790,0.0,0,0.41074905,1
DB01064,DB01214,0.0,0,0.4433671,1
DB01200,DB01178,0.0,1,0.59457755,0
DB00282,DB01059,0.0,0,0.41490674,1
DB01018,DB09027,0.0,0,0.45060244,1
DB00280,DB01384,0.0,0,0.43772215,1
DB00396,DB06777,0.0,0,0.46957248,1
DB00940,DB06712,0.0,1,0.5197367,0
DB00877,DB01296,0.0,1,0.5834175,0
DB08932,DB08916,0.0,0,0.43641403,1
DB01592,DB09300,0.0,0,0.46219096,1
DB00283,DB00639,0.0,0,0.4420758,1
DB00289,DB00520,0.0,1,0.5709068,0
DB00774,DB00720,0.0,1,0.5777008,0
DB00843,DB09270,0.0,1,0.59306544,0
DB00821,DB01319,0.0,0,0.41464162,1
DB00912,DB09242,0.0,0,0.49168983,1
DB00289,DB09286,0.0,1,0.5403598,0
DB01141,DB01395,0.0,1,0.5664678,0
DB00279,DB12267,0.0,0,0.45253095,1
DB01116,DB00972,0.0,1,0.5711289,0
DB00263,DB09293,0.0,0,0.4964939,1
DB01111,DB08880,0.0,1,0.5912604,0
DB00761,DB06148,0.0,0,0.47889477,1
DB00436,DB06767,0.0,1,0.5236414,0
